order_id,district,food_category,weather,peak_time,distance_km,order_amount,num_items,rider_exp_months,app_version,delivery_time
ORD00001,제주시내,중식,맑음,N,2.9,45200,6,5.0,v3.2.1,27
ORD00002,애월읍,치킨,맑음,Y,3.7,62900,5,14.0,v3.2.1,35
ORD00003,구좌읍,중식,흐림,N,7.2,19100,2,19.0,v3.2.1,26
ORD00004,제주시내,한식,맑음,Y,1.6,23000,3,55.0,v3.2.1,21
ORD00005,애월읍,치킨,비,N,4.7,41400,4,23.0,v3.2.1,41
ORD00006,구좌읍,카페디저트,비,N,4.7,10200,2,10.0,v3.2.1,32
ORD00007,제주시내,한식,흐림,Y,3.3,19600,3,8.0,v3.2.1,32
ORD00008,구좌읍,치킨,맑음,N,3.6,61800,5,2.0,v3.2.1,28
ORD00009,애월읍,분식,비,N,2.0,27400,7,15.0,v3.2.1,22
ORD00010,한림읍,분식,흐림,Y,0.8,12200,2,21.0,v3.2.1,17
ORD00011,제주시내,한식,맑음,Y,3.6,33100,6,7.0,v3.2.1,28
ORD00012,애월읍,카페디저트,흐림,Y,2.5,13300,3,35.0,v3.2.1,12
ORD00013,제주시내,카페디저트,흐림,N,3.2,20600,5,1.0,v3.2.1,21
ORD00014,구좌읍,치킨,맑음,N,3.3,77600,8,1.0,v3.2.1,37
ORD00015,제주시내,치킨,맑음,N,1.3,40000,4,16.0,v3.2.1,20
ORD00016,애월읍,한식,비,Y,2.2,32000,5,,v3.2.1,34
ORD00017,조천읍,한식,비,N,2.6,38700,7,41.0,v3.2.1,24
ORD00018,제주시내,분식,비,N,1.8,10400,2,3.0,v3.2.1,17
ORD00019,조천읍,카페디저트,맑음,Y,2.5,8600,2,5.0,v3.2.1,28
ORD00020,구좌읍,분식,흐림,N,6.3,16900,3,62.0,v3.2.1,23
ORD00021,제주시내,한식,맑음,Y,3.4,18800,3,12.0,v3.2.1,25
ORD00022,제주시내,한식,맑음,Y,4.9,23400,3,3.0,v3.2.1,30
ORD00023,제주시내,분식,흐림,Y,2.1,14600,3,15.0,v3.2.1,14
ORD00024,조천읍,한식,맑음,N,1.4,25600,3,2.0,v3.2.1,16
ORD00025,제주시내,중식,비,Y,2.5,16400,2,14.0,v3.2.1,30
ORD00026,구좌읍,분식,맑음,N,6.6,15600,3,5.0,v3.2.1,25
ORD00027,제주시내,중식,맑음,Y,1.7,29200,4,21.0,v3.2.1,23
ORD00028,제주시내,치킨,맑음,N,2.2,34300,3,7.0,v3.2.1,19
ORD00029,애월읍,한식,맑음,Y,5.2,18900,2,3.0,v3.2.1,34
ORD00030,조천읍,중식,비,Y,4.0,35100,5,13.0,v3.2.1,45
ORD00031,구좌읍,치킨,맑음,N,3.2,67000,6,34.0,v3.2.1,29
ORD00032,조천읍,한식,비,Y,4.1,20800,3,7.0,v3.2.1,41
ORD00033,애월읍,카페디저트,맑음,N,4.1,11700,3,2.0,v3.2.1,21
ORD00034,애월읍,치킨,맑음,Y,6.9,21000,1,13.0,v3.2.1,33
ORD00035,제주시내,중식,흐림,N,3.8,20300,2,,v3.2.1,27
ORD00036,애월읍,중식,비,N,1.4,27500,3,22.0,v3.2.1,22
ORD00037,조천읍,중식,비,Y,1.9,27600,3,9.0,v3.2.1,36
ORD00038,애월읍,중식,맑음,N,4.7,33900,5,9.0,v3.2.1,37
ORD00039,제주시내,분식,맑음,N,6.3,17800,5,,v3.2.1,35
ORD00040,애월읍,카페디저트,맑음,Y,4.0,7300,1,10.0,v3.2.1,19
ORD00041,구좌읍,한식,맑음,N,4.2,24000,3,28.0,v3.2.1,16
ORD00042,제주시내,분식,비,N,2.4,20700,5,1.0,v3.2.1,29
ORD00043,제주시내,중식,맑음,N,1.2,28400,3,,v3.2.1,14
ORD00044,제주시내,한식,맑음,N,1.5,35300,6,7.0,v3.2.1,16
ORD00045,제주시내,분식,맑음,Y,5.4,14400,3,1.0,v3.2.1,31
ORD00046,제주시내,한식,맑음,N,1.3,26100,4,2.0,v3.2.1,19
ORD00047,조천읍,중식,맑음,N,3.8,22200,3,6.0,v3.2.1,21
ORD00048,한림읍,한식,비,Y,11.4,18000,3,,v3.2.1,62
ORD00049,한림읍,치킨,비,Y,7.3,38300,3,12.0,v3.2.1,56
ORD00050,제주시내,분식,흐림,Y,3.1,12200,2,5.0,v3.2.1,30
ORD00051,제주시내,카페디저트,비,N,3.0,10100,1,25.0,v3.2.1,17
ORD00052,구좌읍,한식,맑음,Y,1.9,32600,6,13.0,v3.2.1,29
ORD00053,제주시내,카페디저트,비,N,2.0,13800,3,,v3.2.1,8
ORD00054,애월읍,한식,맑음,N,3.0,33500,5,3.0,v3.2.1,23
ORD00055,제주시내,카페디저트,흐림,N,1.0,20900,5,4.0,v3.2.1,8
ORD00056,조천읍,한식,흐림,Y,5.2,47300,10,1.0,v3.2.1,43
ORD00057,구좌읍,카페디저트,,Y,3.7,11900,2,1.0,v3.2.1,23
ORD00058,애월읍,카페디저트,비,Y,1.7,8800,3,11.0,v3.2.1,28
ORD00059,제주시내,카페디저트,비,N,2.2,14700,3,1.0,v3.2.1,17
ORD00060,조천읍,분식,맑음,Y,1.9,13400,2,8.0,v3.2.1,26
ORD00061,조천읍,한식,맑음,Y,3.3,28800,4,12.0,v3.2.1,26
ORD00062,조천읍,중식,맑음,N,3.9,17400,2,2.0,v3.2.1,18
ORD00063,조천읍,카페디저트,비,N,3.0,10400,2,8.0,v3.2.1,18
ORD00064,제주시내,한식,맑음,N,2.2,18800,3,7.0,v3.2.1,21
ORD00065,구좌읍,치킨,맑음,Y,5.5,23000,1,7.0,v3.2.1,29
ORD00066,조천읍,치킨,흐림,N,1.1,27800,2,12.0,v3.2.1,22
ORD00067,제주시내,분식,흐림,Y,1.4,22400,4,6.0,v3.2.1,20
ORD00068,구좌읍,한식,흐림,N,4.9,19000,4,11.0,v3.2.1,24
ORD00069,제주시내,한식,맑음,Y,5.2,26800,4,12.0,v3.2.1,33
ORD00070,제주시내,치킨,맑음,N,2.0,47100,3,4.0,v3.2.1,23
ORD00071,애월읍,분식,흐림,N,2.0,16800,4,1.0,v3.2.1,23
ORD00072,제주시내,한식,흐림,N,4.4,21600,3,19.0,v3.2.1,27
ORD00073,애월읍,분식,맑음,N,3.2,21800,5,1.0,v3.2.1,27
ORD00074,애월읍,중식,흐림,N,9.4,27100,3,7.0,v3.2.1,51
ORD00075,제주시내,분식,맑음,Y,3.0,22300,5,5.0,v3.2.1,18
ORD00076,조천읍,치킨,맑음,N,7.3,22700,1,12.0,v3.2.1,39
ORD00077,제주시내,치킨,맑음,N,4.1,54300,5,11.0,v3.2.1,27
ORD00078,제주시내,한식,맑음,N,3.4,16300,2,1.0,v3.2.1,24
ORD00079,한림읍,카페디저트,흐림,N,4.7,17400,4,1.0,v3.2.1,22
ORD00080,한림읍,한식,비,N,2.9,23600,3,6.0,v3.2.1,36
ORD00081,제주시내,분식,맑음,N,1.4,16700,5,17.0,v3.2.1,8
ORD00082,한림읍,분식,맑음,Y,1.7,13400,2,1.0,v3.2.1,23
ORD00083,한림읍,카페디저트,흐림,N,1.7,9800,2,18.0,v3.2.1,8
ORD00084,구좌읍,분식,흐림,N,1.7,34600,9,57.0,v3.2.1,16
ORD00085,제주시내,한식,비,Y,5.7,29500,4,2.0,v3.2.1,42
ORD00086,제주시내,치킨,맑음,Y,2.1,22700,2,4.0,v3.2.1,33
ORD00087,제주시내,분식,맑음,N,2.8,16600,4,9.0,v3.2.1,17
ORD00088,한림읍,한식,맑음,N,1.7,25800,3,3.0,v3.2.1,16
ORD00089,한림읍,중식,맑음,Y,3.4,14800,1,4.0,v3.2.1,25
ORD00090,제주시내,한식,흐림,N,1.4,31100,6,2.0,v3.2.1,32
ORD00091,조천읍,분식,흐림,Y,0.5,12300,2,4.0,v3.2.1,15
ORD00092,구좌읍,치킨,맑음,Y,1.8,38500,3,22.0,v3.2.1,22
ORD00093,조천읍,치킨,맑음,Y,4.2,40700,5,23.0,v3.2.1,40
ORD00094,제주시내,분식,비,N,8.5,10300,2,2.0,v3.2.1,40
ORD00095,조천읍,한식,맑음,N,2.9,26200,3,1.0,v3.2.1,28
ORD00096,구좌읍,한식,맑음,N,3.2,18200,2,17.0,v3.2.1,17
ORD00097,구좌읍,한식,맑음,N,4.3,37600,6,30.0,v3.2.1,24
ORD00098,조천읍,중식,맑음,N,2.3,9200,1,2.0,v3.2.1,28
ORD00099,구좌읍,중식,맑음,Y,8.9,15300,2,3.0,v3.2.1,40
ORD00100,제주시내,중식,흐림,N,1.2,32700,5,30.0,v3.2.1,18
ORD00101,구좌읍,분식,맑음,Y,4.4,17100,4,19.0,v3.2.1,26
ORD00102,제주시내,한식,흐림,N,3.4,27200,4,19.0,v3.2.1,16
ORD00103,구좌읍,치킨,흐림,N,2.8,51700,5,25.0,v3.2.1,33
ORD00104,애월읍,한식,맑음,N,2.1,27900,4,7.0,v3.2.1,17
ORD00105,제주시내,중식,비,Y,4.3,36100,4,2.0,v3.2.1,48
ORD00106,조천읍,중식,맑음,Y,1.4,29400,4,12.0,v3.2.1,23
ORD00107,조천읍,카페디저트,비,N,1.8,9800,2,2.0,v3.2.1,21
ORD00108,조천읍,분식,맑음,N,4.8,11600,3,22.0,v3.2.1,25
ORD00109,조천읍,한식,비,N,1.3,21500,2,6.0,v3.2.1,30
ORD00110,애월읍,치킨,흐림,N,5.5,57600,5,22.0,v3.2.1,41
ORD00111,구좌읍,중식,맑음,N,3.7,22700,3,8.0,v3.2.1,31
ORD00112,조천읍,카페디저트,흐림,N,4.5,9000,1,8.0,v3.2.1,19
ORD00113,애월읍,치킨,맑음,N,5.6,50900,6,7.0,v3.2.1,41
ORD00114,조천읍,한식,흐림,Y,4.9,30800,5,2.0,v3.2.1,32
ORD00115,구좌읍,분식,맑음,N,2.2,22000,5,1.0,v3.2.1,24
ORD00116,제주시내,중식,흐림,N,2.5,29900,4,14.0,v3.2.1,20
ORD00117,애월읍,카페디저트,맑음,N,3.3,14600,3,4.0,v3.2.1,16
ORD00118,제주시내,카페디저트,비,N,2.9,22000,6,6.0,v3.2.1,24
ORD00119,구좌읍,카페디저트,흐림,Y,1.1,24900,6,4.0,v3.2.1,22
ORD00120,조천읍,중식,맑음,N,6.3,23100,2,32.0,v3.2.1,23
ORD00121,조천읍,치킨,맑음,N,2.9,29900,3,,v3.2.1,22
ORD00122,조천읍,치킨,맑음,Y,1.6,39200,3,20.0,v3.2.1,30
ORD00123,제주시내,치킨,맑음,Y,4.9,28200,2,13.0,v3.2.1,34
ORD00124,구좌읍,중식,맑음,Y,2.9,46400,7,5.0,v3.2.1,27
ORD00125,구좌읍,카페디저트,맑음,Y,1.7,13200,4,20.0,v3.2.1,12
ORD00126,한림읍,카페디저트,맑음,Y,6.3,15200,4,35.0,v3.2.1,24
ORD00127,제주시내,한식,흐림,N,3.6,20900,3,75.0,v3.2.1,19
ORD00128,제주시내,카페디저트,맑음,Y,4.9,7100,1,8.0,v3.2.1,19
ORD00129,애월읍,중식,맑음,Y,1.6,27900,3,3.0,v3.2.1,27
ORD00130,구좌읍,카페디저트,흐림,N,2.8,11000,2,10.0,v3.2.1,11
ORD00131,제주시내,치킨,맑음,N,4.2,43300,4,6.0,v3.2.1,31
ORD00132,애월읍,한식,맑음,N,2.7,40100,7,3.0,v3.2.1,29
ORD00133,한림읍,한식,맑음,N,7.4,31400,6,15.0,v3.2.1,33
ORD00134,한림읍,분식,흐림,N,1.5,12800,3,20.0,v3.2.1,10
ORD00135,조천읍,중식,흐림,N,6.0,16100,2,6.0,v3.2.1,41
ORD00136,애월읍,카페디저트,비,N,1.9,8200,2,90.0,v3.2.1,13
ORD00137,조천읍,치킨,맑음,Y,2.5,39800,3,38.0,v3.2.1,20
ORD00138,제주시내,치킨,,N,5.2,56000,5,15.0,v3.2.1,44
ORD00139,제주시내,분식,맑음,Y,0.9,7600,1,13.0,v3.2.1,21
ORD00140,제주시내,한식,흐림,Y,0.8,28500,4,6.0,v3.2.1,19
ORD00141,조천읍,중식,맑음,N,6.6,21100,3,3.0,v3.2.1,29
ORD00142,제주시내,한식,맑음,Y,1.4,23900,4,,v3.2.1,14
ORD00143,제주시내,치킨,맑음,N,5.0,42900,4,11.0,v3.2.1,29
ORD00144,제주시내,치킨,맑음,Y,4.9,41000,4,26.0,v3.2.1,36
ORD00145,한림읍,치킨,흐림,Y,9.0,23400,2,7.0,v3.2.1,57
ORD00146,제주시내,치킨,맑음,Y,0.9,38200,3,23.0,v3.2.1,20
ORD00147,조천읍,중식,비,Y,3.2,21500,2,2.0,v3.2.1,38
ORD00148,한림읍,치킨,맑음,Y,10.1,36400,3,59.0,v3.2.1,52
ORD00149,조천읍,치킨,흐림,Y,3.8,43100,4,48.0,v3.2.1,34
ORD00150,조천읍,중식,맑음,N,1.4,32400,4,5.0,v3.2.1,28
ORD00151,한림읍,카페디저트,맑음,Y,1.4,31300,8,27.0,v3.2.1,15
ORD00152,제주시내,치킨,흐림,N,7.8,48700,4,60.0,v3.2.1,40
ORD00153,구좌읍,치킨,맑음,N,1.8,41300,3,4.0,v3.2.1,20
ORD00154,제주시내,치킨,맑음,N,2.8,33000,2,15.0,v3.2.1,17
ORD00155,한림읍,중식,맑음,N,7.1,30800,4,16.0,v3.2.1,30
ORD00156,한림읍,카페디저트,맑음,N,8.1,6800,1,15.0,v3.2.1,28
ORD00157,한림읍,치킨,맑음,N,4.0,22200,1,18.0,v3.2.1,26
ORD00158,애월읍,중식,비,N,6.2,36500,4,8.0,v3.2.1,44
ORD00159,구좌읍,중식,맑음,Y,4.8,16300,1,1.0,v3.2.1,38
ORD00160,제주시내,한식,흐림,Y,2.4,20900,3,12.0,v3.2.1,30
ORD00161,제주시내,한식,맑음,N,2.8,21400,3,2.0,v3.2.1,25
ORD00162,제주시내,중식,흐림,N,2.8,31200,4,1.0,v3.2.1,25
ORD00163,애월읍,카페디저트,비,N,6.7,11300,2,14.0,v3.2.1,37
ORD00164,구좌읍,치킨,비,Y,7.6,17300,1,1.0,v3.2.1,169
ORD00165,한림읍,중식,흐림,N,1.7,22500,3,1.0,v3.2.1,25
ORD00166,제주시내,한식,맑음,N,2.5,27700,4,39.0,v3.2.1,19
ORD00167,한림읍,치킨,맑음,N,2.4,55000,5,21.0,v3.2.1,29
ORD00168,제주시내,중식,맑음,N,3.5,21800,2,6.0,v3.2.1,23
ORD00169,구좌읍,치킨,비,N,3.4,34500,3,1.0,v3.2.1,44
ORD00170,애월읍,치킨,흐림,N,4.5,43700,3,38.0,v3.2.1,23
ORD00171,제주시내,한식,맑음,N,4.5,29700,6,8.0,v3.2.1,30
ORD00172,조천읍,카페디저트,맑음,N,5.5,9100,2,23.0,v3.2.1,16
ORD00173,구좌읍,카페디저트,맑음,Y,7.5,12800,3,,v3.2.1,39
ORD00174,제주시내,치킨,흐림,N,1.7,31400,3,19.0,v3.2.1,21
ORD00175,제주시내,분식,맑음,Y,2.7,14300,3,36.0,v3.2.1,22
ORD00176,구좌읍,카페디저트,비,N,3.2,10400,2,3.0,v3.2.1,29
ORD00177,구좌읍,분식,비,N,1.5,25400,6,2.0,v3.2.1,21
ORD00178,조천읍,카페디저트,맑음,Y,2.4,16900,4,6.0,v3.2.1,24
ORD00179,구좌읍,중식,흐림,N,3.1,26500,3,5.0,v3.2.1,29
ORD00180,제주시내,치킨,비,Y,2.9,39400,3,1.0,v3.2.1,43
ORD00181,제주시내,중식,비,N,4.7,36500,5,7.0,v3.2.1,35
ORD00182,제주시내,치킨,흐림,N,2.7,34300,3,8.0,v3.2.1,27
ORD00183,제주시내,치킨,흐림,Y,4.0,43400,3,,v3.2.1,43
ORD00184,한림읍,한식,맑음,Y,9.0,31600,5,4.0,v3.2.1,53
ORD00185,구좌읍,치킨,맑음,Y,3.2,51000,4,14.0,v3.2.1,35
ORD00186,제주시내,중식,비,N,2.2,19400,2,6.0,v3.2.1,27
ORD00187,제주시내,카페디저트,맑음,N,4.6,8900,2,1.0,v3.2.1,19
ORD00188,제주시내,치킨,맑음,N,2.9,38200,3,10.0,v3.2.1,18
ORD00189,구좌읍,한식,흐림,N,2.1,28000,4,21.0,v3.2.1,19
ORD00190,조천읍,카페디저트,맑음,Y,5.3,7400,1,33.0,v3.2.1,20
ORD00191,한림읍,카페디저트,맑음,N,4.2,13200,3,8.0,v3.2.1,12
ORD00192,제주시내,중식,맑음,Y,8.9,11400,1,3.0,v3.2.1,48
ORD00193,제주시내,중식,맑음,Y,3.0,20500,3,3.0,v3.2.1,26
ORD00194,제주시내,분식,맑음,Y,2.4,17100,4,22.0,v3.2.1,11
ORD00195,구좌읍,중식,흐림,N,5.7,46300,6,9.0,v3.2.1,40
ORD00196,애월읍,치킨,맑음,Y,5.0,47000,4,4.0,v3.2.1,47
ORD00197,제주시내,중식,맑음,N,2.0,20900,2,5.0,v3.2.1,24
ORD00198,제주시내,분식,맑음,N,3.4,18800,4,6.0,v3.2.1,21
ORD00199,제주시내,중식,맑음,N,2.6,20600,3,13.0,v3.2.1,11
ORD00200,제주시내,치킨,맑음,Y,2.4,76200,7,53.0,v3.2.1,26
ORD00201,제주시내,치킨,흐림,N,4.1,46600,4,1.0,v3.2.1,34
ORD00202,한림읍,치킨,맑음,N,7.6,31300,3,18.0,v3.2.1,44
ORD00203,제주시내,치킨,맑음,N,3.1,39400,3,22.0,v3.2.1,21
ORD00204,제주시내,카페디저트,흐림,N,3.2,15500,3,5.0,v3.2.1,16
ORD00205,제주시내,치킨,맑음,N,1.7,48000,4,18.0,v3.2.1,17
ORD00206,구좌읍,한식,흐림,N,8.0,20500,3,19.0,v3.2.1,36
ORD00207,한림읍,한식,맑음,Y,4.9,43000,8,5.0,v3.2.1,43
ORD00208,제주시내,분식,맑음,Y,2.3,30000,7,8.0,v3.2.1,16
ORD00209,한림읍,치킨,맑음,N,3.1,14700,1,1.0,v3.2.1,31
ORD00210,한림읍,한식,흐림,N,2.1,21000,3,13.0,v3.2.1,16
ORD00211,조천읍,치킨,맑음,N,3.8,50700,6,13.0,v3.2.1,28
ORD00212,조천읍,치킨,비,Y,4.0,56200,6,15.0,v3.2.1,43
ORD00213,애월읍,중식,비,N,2.3,13000,2,3.0,v3.2.1,31
ORD00214,제주시내,카페디저트,맑음,Y,1.0,12900,3,4.0,v3.2.1,10
ORD00215,제주시내,카페디저트,맑음,Y,9.7,19300,5,11.0,v3.2.1,39
ORD00216,애월읍,치킨,비,N,1.5,34800,3,1.0,v3.2.1,35
ORD00217,애월읍,치킨,흐림,Y,2.5,31900,2,5.0,v3.2.1,30
ORD00218,애월읍,중식,비,N,4.3,20500,2,37.0,v3.2.1,28
ORD00219,제주시내,한식,맑음,N,6.8,17100,2,81.0,v3.2.1,29
ORD00220,제주시내,치킨,맑음,N,3.2,34300,3,17.0,v3.2.1,25
ORD00221,제주시내,한식,맑음,Y,4.0,14000,1,1.0,v3.2.1,30
ORD00222,구좌읍,치킨,흐림,N,3.0,47900,4,1.0,v3.2.1,28
ORD00223,한림읍,카페디저트,맑음,N,2.1,15100,3,6.0,v3.2.1,16
ORD00224,조천읍,분식,흐림,N,3.9,14800,3,5.0,v3.2.1,19
ORD00225,제주시내,한식,흐림,N,6.1,17800,3,16.0,v3.2.1,34
ORD00226,제주시내,치킨,비,Y,4.8,47200,4,6.0,v3.2.1,56
ORD00227,제주시내,치킨,맑음,N,7.4,17400,1,21.0,v3.2.1,28
ORD00228,한림읍,치킨,맑음,Y,5.2,33600,2,1.0,v3.2.1,47
ORD00229,조천읍,분식,흐림,N,4.9,26300,6,13.0,v3.2.1,26
ORD00230,애월읍,치킨,흐림,Y,3.9,33700,3,20.0,v3.2.1,32
ORD00231,한림읍,치킨,흐림,N,4.1,29300,2,17.0,v3.2.1,25
ORD00232,제주시내,분식,흐림,Y,1.2,7900,1,1.0,v3.2.1,29
ORD00233,제주시내,한식,맑음,Y,3.8,23600,3,9.0,v3.2.1,31
ORD00234,조천읍,분식,비,Y,3.5,22800,5,35.0,v3.2.1,33
ORD00235,애월읍,한식,흐림,N,1.6,24300,4,2.0,v3.2.1,26
ORD00236,애월읍,치킨,맑음,Y,2.2,31200,3,3.0,v3.2.1,29
ORD00237,제주시내,분식,맑음,Y,2.3,10500,2,2.0,v3.2.1,27
ORD00238,애월읍,한식,맑음,N,3.0,11900,1,11.0,v3.2.1,15
ORD00239,애월읍,한식,맑음,N,8.4,24700,3,6.0,v3.2.1,43
ORD00240,조천읍,한식,맑음,Y,5.0,41800,6,4.0,v3.2.1,33
ORD00241,조천읍,치킨,맑음,Y,8.5,32700,3,2.0,v3.2.1,48
ORD00242,제주시내,치킨,맑음,Y,2.8,24500,1,13.0,v3.2.1,28
ORD00243,한림읍,분식,흐림,Y,4.6,6900,1,12.0,v3.2.1,25
ORD00244,조천읍,한식,맑음,Y,1.7,17900,3,5.0,v3.2.1,23
ORD00245,조천읍,치킨,맑음,Y,5.8,64200,6,12.0,v3.2.1,50
ORD00246,제주시내,치킨,비,Y,3.1,26700,2,4.0,v3.2.1,45
ORD00247,제주시내,치킨,맑음,N,2.1,21100,1,,v3.2.1,26
ORD00248,한림읍,한식,맑음,Y,3.7,30300,5,89.0,v3.2.1,30
ORD00249,제주시내,분식,맑음,Y,8.8,19800,5,22.0,v3.2.1,44
ORD00250,구좌읍,치킨,흐림,Y,4.3,27700,3,43.0,v3.2.1,34
ORD00251,제주시내,중식,,N,6.4,13700,2,4.0,v3.2.1,25
ORD00252,제주시내,한식,흐림,N,2.0,28600,4,6.0,v3.2.1,21
ORD00253,조천읍,치킨,맑음,N,2.0,60300,5,2.0,v3.2.1,19
ORD00254,한림읍,치킨,비,N,4.6,41900,4,1.0,v3.2.1,44
ORD00255,한림읍,치킨,,Y,6.1,25400,2,21.0,v3.2.1,40
ORD00256,제주시내,중식,맑음,N,3.7,15100,1,2.0,v3.2.1,24
ORD00257,애월읍,분식,맑음,Y,1.2,13700,2,23.0,v3.2.1,20
ORD00258,한림읍,중식,비,Y,9.0,26800,3,21.0,v3.2.1,59
ORD00259,애월읍,카페디저트,맑음,Y,4.7,12100,3,1.0,v3.2.1,27
ORD00260,한림읍,치킨,흐림,N,4.7,25100,2,20.0,v3.2.1,23
ORD00261,조천읍,치킨,,N,5.8,51100,4,3.0,v3.2.1,33
ORD00262,구좌읍,중식,비,N,1.7,22300,3,10.0,v3.2.1,17
ORD00263,제주시내,한식,맑음,N,2.7,26100,5,38.0,v3.2.1,15
ORD00264,구좌읍,한식,흐림,N,11.0,18400,3,38.0,v3.2.1,46
ORD00265,제주시내,분식,흐림,N,2.2,15900,3,16.0,v3.2.1,12
ORD00266,제주시내,치킨,맑음,N,8.0,83300,7,1.0,v3.2.1,51
ORD00267,제주시내,치킨,흐림,N,1.0,32500,3,8.0,v3.2.1,23
ORD00268,애월읍,카페디저트,비,N,0.8,15200,3,9.0,v3.2.1,12
ORD00269,애월읍,치킨,,Y,5.5,28500,2,11.0,v3.2.1,44
ORD00270,애월읍,카페디저트,맑음,N,1.4,16400,4,48.0,v3.2.1,8
ORD00271,한림읍,한식,흐림,Y,5.0,38800,6,9.0,v3.2.1,39
ORD00272,조천읍,치킨,맑음,N,2.4,23900,1,6.0,v3.2.1,19
ORD00273,애월읍,치킨,,Y,5.0,20300,1,17.0,v3.2.1,34
ORD00274,조천읍,한식,맑음,Y,3.7,11200,1,1.0,v3.2.1,34
ORD00275,제주시내,분식,맑음,N,4.8,21500,5,41.0,v3.2.1,13
ORD00276,애월읍,중식,맑음,N,2.6,29700,4,11.0,v3.2.1,22
ORD00277,제주시내,한식,비,N,2.4,18100,3,22.0,v3.2.1,31
ORD00278,구좌읍,중식,맑음,Y,4.7,10900,1,1.0,v3.2.1,34
ORD00279,제주시내,분식,흐림,Y,9.1,12500,2,17.0,v3.2.1,51
ORD00280,구좌읍,치킨,맑음,N,3.0,57400,5,,v3.2.1,22
ORD00281,애월읍,분식,맑음,N,1.3,17600,3,5.0,v3.2.1,10
ORD00282,제주시내,한식,비,N,4.9,17300,3,3.0,v3.2.1,32
ORD00283,조천읍,분식,맑음,N,1.1,18700,4,3.0,v3.2.1,18
ORD00284,애월읍,한식,맑음,N,4.2,25100,4,1.0,v3.2.1,34
ORD00285,구좌읍,카페디저트,흐림,Y,1.1,20300,5,11.0,v3.2.1,19
ORD00286,제주시내,중식,맑음,Y,7.9,26700,4,6.0,v3.2.1,50
ORD00287,제주시내,치킨,,N,2.5,50700,4,5.0,v3.2.1,28
ORD00288,제주시내,치킨,흐림,N,4.5,33600,3,2.0,v3.2.1,31
ORD00289,조천읍,카페디저트,맑음,Y,1.1,13600,3,4.0,v3.2.1,21
ORD00290,제주시내,치킨,,N,6.3,29000,3,1.0,v3.2.1,42
ORD00291,제주시내,중식,맑음,Y,1.1,20700,2,4.0,v3.2.1,25
ORD00292,애월읍,한식,맑음,N,5.1,34700,6,9.0,v3.2.1,28
ORD00293,한림읍,한식,맑음,N,3.4,14800,1,29.0,v3.2.1,12
ORD00294,한림읍,분식,흐림,Y,2.1,15500,3,14.0,v3.2.1,25
ORD00295,애월읍,분식,비,N,8.3,14400,3,3.0,v3.2.1,165
ORD00296,구좌읍,치킨,맑음,Y,3.6,46700,4,28.0,v3.2.1,35
ORD00297,제주시내,중식,맑음,Y,4.9,20300,3,15.0,v3.2.1,36
ORD00298,조천읍,중식,맑음,N,6.8,18600,2,1.0,v3.2.1,36
ORD00299,한림읍,치킨,맑음,N,3.7,27100,2,17.0,v3.2.1,24
ORD00300,제주시내,카페디저트,맑음,Y,5.1,10200,2,6.0,v3.2.1,35
ORD00301,조천읍,중식,맑음,N,3.3,45700,6,16.0,v3.2.1,25
ORD00302,한림읍,한식,맑음,N,2.7,14700,1,2.0,v3.2.1,18
ORD00303,구좌읍,분식,맑음,Y,1.9,10800,1,28.0,v3.2.1,22
ORD00304,한림읍,치킨,비,Y,3.6,65700,8,30.0,v3.2.1,39
ORD00305,제주시내,치킨,맑음,N,1.3,23000,1,3.0,v3.2.1,24
ORD00306,한림읍,치킨,비,Y,4.5,43400,3,5.0,v3.2.1,309
ORD00307,조천읍,치킨,비,Y,4.4,25800,2,19.0,v3.2.1,42
ORD00308,한림읍,한식,맑음,N,1.7,16900,2,2.0,v3.2.1,17
ORD00309,조천읍,중식,맑음,N,4.1,45800,6,5.0,v3.2.1,20
ORD00310,제주시내,한식,비,Y,4.1,16800,2,22.0,v3.2.1,29
ORD00311,한림읍,한식,맑음,Y,1.8,26700,4,55.0,v3.2.1,24
ORD00312,조천읍,중식,맑음,N,3.0,16600,1,20.0,v3.2.1,24
ORD00313,제주시내,치킨,맑음,Y,4.7,36200,4,32.0,v3.2.1,31
ORD00314,조천읍,치킨,맑음,Y,3.1,35200,3,7.0,v3.2.1,36
ORD00315,제주시내,분식,비,Y,1.7,13200,3,1.0,v3.2.1,17
ORD00316,제주시내,중식,비,N,4.9,36000,5,1.0,v3.2.1,40
ORD00317,조천읍,분식,흐림,N,3.1,16300,3,5.0,v3.2.1,16
ORD00318,제주시내,한식,맑음,N,9.9,20900,3,40.0,v3.2.1,36
ORD00319,제주시내,치킨,비,Y,6.4,36500,2,36.0,v3.2.1,46
ORD00320,조천읍,중식,맑음,Y,1.6,16200,1,3.0,v3.2.1,30
ORD00321,한림읍,한식,맑음,N,2.8,22000,3,16.0,v3.2.1,14
ORD00322,애월읍,카페디저트,맑음,Y,3.6,7000,1,3.0,v3.2.1,20
ORD00323,제주시내,중식,비,N,2.6,23700,3,10.0,v3.2.1,27
ORD00324,제주시내,치킨,맑음,N,3.4,62200,5,21.0,v3.2.1,27
ORD00325,조천읍,분식,비,Y,2.7,16300,4,6.0,v3.2.1,35
ORD00326,애월읍,한식,흐림,Y,1.9,30000,5,41.0,v3.2.1,21
ORD00327,한림읍,한식,흐림,N,1.4,24100,4,1.0,v3.2.1,24
ORD00328,조천읍,한식,흐림,Y,2.9,28500,5,12.0,v3.2.1,37
ORD00329,조천읍,치킨,맑음,N,4.0,38500,3,4.0,v3.2.1,23
ORD00330,애월읍,치킨,맑음,Y,5.9,37100,3,9.0,v3.2.1,40
ORD00331,조천읍,치킨,비,N,5.5,59100,5,73.0,v3.2.1,50
ORD00332,한림읍,분식,맑음,N,2.0,12100,2,15.0,v3.2.1,11
ORD00333,조천읍,치킨,맑음,N,5.0,33200,3,2.0,v3.2.1,28
ORD00334,구좌읍,치킨,맑음,N,3.8,81100,7,12.0,v3.2.1,35
ORD00335,애월읍,치킨,맑음,N,3.5,74100,8,3.0,v3.2.1,34
ORD00336,한림읍,한식,맑음,Y,0.7,17500,2,18.0,v3.2.1,15
ORD00337,제주시내,치킨,흐림,N,5.7,36600,3,20.0,v3.2.1,35
ORD00338,구좌읍,분식,맑음,N,5.8,18100,4,2.0,v3.2.1,27
ORD00339,제주시내,중식,맑음,Y,3.7,20300,2,1.0,v3.2.1,34
ORD00340,제주시내,카페디저트,맑음,N,2.0,22400,5,,v3.2.1,8
ORD00341,제주시내,중식,맑음,Y,2.6,17100,2,7.0,v3.2.1,29
ORD00342,조천읍,한식,맑음,N,2.5,13600,1,38.0,v3.2.1,18
ORD00343,조천읍,치킨,흐림,N,6.9,40700,3,3.0,v3.2.1,44
ORD00344,구좌읍,분식,맑음,N,2.6,15500,3,23.0,v3.2.1,8
ORD00345,조천읍,분식,맑음,N,0.9,13200,2,8.0,v3.2.1,8
ORD00346,제주시내,치킨,맑음,N,2.5,45500,4,16.0,v3.2.1,23
ORD00347,제주시내,한식,맑음,Y,5.2,43200,7,12.0,v3.2.1,32
ORD00348,제주시내,카페디저트,맑음,N,13.8,11400,3,31.0,v3.2.1,46
ORD00349,구좌읍,중식,흐림,N,4.0,17900,2,20.0,v3.2.1,21
ORD00350,제주시내,카페디저트,비,N,3.0,11000,2,2.0,v3.2.1,24
ORD00351,제주시내,카페디저트,맑음,N,4.9,22900,6,14.0,v3.2.1,19
ORD00352,제주시내,분식,맑음,N,3.8,36500,7,9.0,v3.2.1,23
ORD00353,애월읍,한식,비,N,3.9,22900,5,15.0,v3.2.1,36
ORD00354,애월읍,치킨,맑음,N,6.6,26900,2,17.0,v3.2.1,37
ORD00355,애월읍,한식,흐림,Y,4.2,13600,1,1.0,v3.2.1,32
ORD00356,조천읍,중식,맑음,N,3.1,25900,4,17.0,v3.2.1,26
ORD00357,애월읍,치킨,맑음,N,6.8,34500,3,7.0,v3.2.1,151
ORD00358,한림읍,중식,흐림,Y,8.0,19300,2,3.0,v3.2.1,50
ORD00359,애월읍,치킨,맑음,N,3.8,23100,2,12.0,v3.2.1,18
ORD00360,한림읍,한식,맑음,Y,2.1,31600,6,18.0,v3.2.1,20
ORD00361,제주시내,분식,맑음,N,2.9,14900,3,2.0,v3.2.1,17
ORD00362,애월읍,분식,비,N,1.6,12100,3,16.0,v3.2.1,18
ORD00363,제주시내,한식,맑음,Y,5.1,16300,2,14.0,v3.2.1,31
ORD00364,애월읍,분식,맑음,N,0.5,29000,6,17.0,v3.2.1,11
ORD00365,애월읍,치킨,맑음,N,5.6,44000,4,28.0,v3.2.1,22
ORD00366,애월읍,중식,맑음,Y,4.0,24000,3,7.0,v3.2.1,36
ORD00367,제주시내,카페디저트,맑음,Y,1.2,11800,3,13.0,v3.2.1,10
ORD00368,애월읍,중식,흐림,Y,3.8,15300,1,6.0,v3.2.1,30
ORD00369,제주시내,카페디저트,맑음,Y,4.0,9300,2,2.0,v3.2.1,34
ORD00370,구좌읍,카페디저트,비,N,2.7,9800,2,1.0,v3.2.1,32
ORD00371,한림읍,중식,흐림,Y,1.6,22400,2,10.0,v3.2.1,25
ORD00372,조천읍,한식,맑음,Y,3.8,23000,4,3.0,v3.2.1,34
ORD00373,제주시내,치킨,맑음,Y,2.6,30400,2,1.0,v3.2.1,33
ORD00374,조천읍,한식,흐림,N,2.7,16800,3,4.0,v3.2.1,28
ORD00375,제주시내,치킨,흐림,N,4.5,25400,1,8.0,v3.2.1,39
ORD00376,구좌읍,치킨,비,Y,2.0,36200,4,2.0,v3.2.1,43
ORD00377,제주시내,치킨,맑음,Y,4.2,38500,3,4.0,v3.2.1,39
ORD00378,한림읍,분식,맑음,N,1.2,11100,2,,v3.2.1,15
ORD00379,애월읍,치킨,맑음,N,14.8,70400,6,2.0,v3.2.1,66
ORD00380,제주시내,치킨,맑음,Y,7.6,61800,5,21.0,v3.2.1,46
ORD00381,애월읍,중식,흐림,Y,3.2,18900,2,33.0,v3.2.1,25
ORD00382,구좌읍,카페디저트,맑음,Y,10.1,13800,4,16.0,v3.2.1,52
ORD00383,한림읍,분식,흐림,N,4.1,23600,5,8.0,v3.2.1,17
ORD00384,한림읍,중식,맑음,Y,11.7,24400,3,1.0,v3.2.1,54
ORD00385,애월읍,카페디저트,맑음,Y,3.7,12700,3,18.0,v3.2.1,26
ORD00386,제주시내,카페디저트,비,N,6.0,27600,7,7.0,v3.2.1,43
ORD00387,제주시내,한식,맑음,Y,3.5,28700,4,,v3.2.1,30
ORD00388,한림읍,한식,비,N,3.7,18800,3,8.0,v3.2.1,26
ORD00389,구좌읍,중식,맑음,N,2.7,23400,3,25.0,v3.2.1,18
ORD00390,조천읍,치킨,흐림,Y,2.3,40300,3,50.0,v3.2.1,36
ORD00391,한림읍,카페디저트,비,Y,5.0,6700,1,15.0,v3.2.1,29
ORD00392,조천읍,치킨,맑음,Y,4.8,37000,3,32.0,v3.2.1,33
ORD00393,제주시내,카페디저트,흐림,N,2.0,6900,1,1.0,v3.2.1,8
ORD00394,애월읍,한식,비,N,5.8,25500,4,6.0,v3.2.1,36
ORD00395,조천읍,치킨,맑음,N,7.3,51000,5,5.0,v3.2.1,41
ORD00396,제주시내,치킨,비,Y,1.6,65200,7,26.0,v3.2.1,39
ORD00397,애월읍,카페디저트,비,Y,1.6,15400,3,11.0,v3.2.1,25
ORD00398,제주시내,중식,맑음,N,4.9,33400,4,1.0,v3.2.1,29
ORD00399,구좌읍,치킨,맑음,N,2.2,22700,1,11.0,v3.2.1,19
ORD00400,구좌읍,중식,맑음,N,2.6,45900,6,13.0,v3.2.1,20
ORD00401,구좌읍,중식,비,N,1.8,23300,3,5.0,v3.2.1,27
ORD00402,조천읍,한식,흐림,N,1.6,26500,4,22.0,v3.2.1,20
ORD00403,한림읍,치킨,맑음,N,6.5,46700,5,8.0,v3.2.1,37
ORD00404,구좌읍,치킨,맑음,N,1.3,49900,5,19.0,v3.2.1,13
ORD00405,조천읍,분식,맑음,Y,5.0,13800,3,13.0,v3.2.1,28
ORD00406,제주시내,치킨,흐림,Y,1.9,44700,4,6.0,v3.2.1,35
ORD00407,제주시내,치킨,,Y,3.1,40700,3,11.0,v3.2.1,30
ORD00408,제주시내,한식,맑음,N,4.2,11700,1,1.0,v3.2.1,25
ORD00409,제주시내,카페디저트,맑음,N,1.6,17600,4,9.0,v3.2.1,13
ORD00410,한림읍,중식,맑음,N,3.2,24800,3,8.0,v3.2.1,28
ORD00411,한림읍,중식,비,N,8.9,38500,7,30.0,v3.2.1,48
ORD00412,조천읍,카페디저트,맑음,N,3.8,19800,6,35.0,v3.2.1,14
ORD00413,제주시내,카페디저트,흐림,Y,3.8,11000,3,31.0,v3.2.1,21
ORD00414,한림읍,분식,맑음,N,2.0,16400,4,2.0,v3.2.1,17
ORD00415,조천읍,중식,흐림,N,2.8,21600,3,11.0,v3.2.1,33
ORD00416,조천읍,카페디저트,맑음,N,0.9,12300,3,19.0,v3.2.1,12
ORD00417,제주시내,중식,맑음,N,2.4,42000,7,41.0,v3.2.1,11
ORD00418,구좌읍,카페디저트,맑음,Y,5.1,16200,4,6.0,v3.2.1,28
ORD00419,구좌읍,치킨,맑음,Y,10.5,37200,2,5.0,v3.2.1,61
ORD00420,제주시내,치킨,맑음,Y,3.2,30900,2,14.0,v3.2.1,34
ORD00421,제주시내,분식,흐림,N,5.4,16500,4,1.0,v3.2.1,28
ORD00422,애월읍,중식,흐림,Y,7.9,28600,3,7.0,v3.2.1,49
ORD00423,한림읍,치킨,흐림,N,4.3,40900,4,32.0,v3.2.1,33
ORD00424,구좌읍,한식,흐림,N,1.8,25100,5,52.0,v3.2.1,16
ORD00425,제주시내,한식,비,Y,1.3,35700,6,12.0,v3.2.1,31
ORD00426,제주시내,중식,맑음,Y,8.0,31000,4,34.0,v3.2.1,39
ORD00427,제주시내,중식,맑음,N,3.5,28000,4,21.0,v3.2.1,25
ORD00428,애월읍,분식,맑음,N,3.9,10500,2,3.0,v3.2.1,11
ORD00429,제주시내,분식,흐림,N,7.2,15500,3,5.0,v3.2.1,26
ORD00430,애월읍,한식,맑음,Y,3.1,11100,2,10.0,v3.2.1,34
ORD00431,조천읍,한식,비,Y,2.0,12900,1,1.0,v3.2.1,36
ORD00432,애월읍,중식,맑음,Y,2.9,39900,5,13.0,v3.2.1,23
ORD00433,제주시내,분식,비,Y,3.4,19100,4,4.0,v3.2.1,35
ORD00434,제주시내,치킨,비,N,3.7,21100,1,2.0,v3.2.1,39
ORD00435,조천읍,중식,흐림,N,1.1,26800,3,11.0,v3.2.1,9
ORD00436,조천읍,한식,맑음,Y,2.4,17300,2,12.0,v3.2.1,21
ORD00437,제주시내,한식,맑음,N,0.9,16100,2,1.0,v3.2.1,21
ORD00438,한림읍,치킨,맑음,Y,2.7,20100,1,18.0,v3.2.1,31
ORD00439,조천읍,한식,맑음,N,2.7,64700,10,2.0,v3.2.1,24
ORD00440,애월읍,치킨,비,N,1.0,45700,4,4.0,v3.2.1,30
ORD00441,한림읍,카페디저트,맑음,N,5.2,15100,3,6.0,v3.2.1,22
ORD00442,조천읍,치킨,맑음,N,2.4,59300,5,1.0,v3.2.1,32
ORD00443,구좌읍,치킨,비,N,4.4,41700,4,25.0,v3.2.1,31
ORD00444,조천읍,분식,맑음,N,5.9,19900,4,31.0,v3.2.1,24
ORD00445,제주시내,한식,맑음,Y,2.8,30500,4,7.0,v3.2.1,23
ORD00446,제주시내,치킨,맑음,Y,4.3,39000,3,25.0,v3.2.1,38
ORD00447,제주시내,한식,맑음,N,1.5,22100,3,11.0,v3.2.1,10
ORD00448,구좌읍,분식,비,Y,3.5,22100,4,14.0,v3.2.1,35
ORD00449,한림읍,치킨,맑음,Y,5.1,49600,4,18.0,v3.2.1,45
ORD00450,구좌읍,중식,흐림,N,1.2,17000,2,9.0,v3.2.1,17
ORD00451,제주시내,치킨,맑음,Y,4.2,55400,5,1.0,v3.2.1,37
ORD00452,조천읍,한식,맑음,Y,2.8,27800,4,5.0,v3.2.1,21
ORD00453,한림읍,치킨,흐림,N,3.5,46300,4,1.0,v3.2.1,26
ORD00454,한림읍,치킨,맑음,N,5.3,67300,6,3.0,v3.2.1,38
ORD00455,애월읍,치킨,맑음,N,4.5,70500,6,38.0,v3.2.1,32
ORD00456,제주시내,치킨,맑음,Y,4.1,27300,2,6.0,v3.2.1,34
ORD00457,애월읍,치킨,비,N,1.0,60600,5,17.0,v3.2.1,24
ORD00458,조천읍,한식,맑음,Y,6.0,21200,3,6.0,v3.2.1,36
ORD00459,구좌읍,치킨,맑음,N,2.7,40800,5,7.0,v3.2.1,24
ORD00460,한림읍,카페디저트,흐림,N,4.2,19800,5,4.0,v3.2.1,18
ORD00461,애월읍,중식,맑음,N,2.3,29100,4,20.0,v3.2.1,14
ORD00462,한림읍,한식,비,Y,3.6,21900,3,10.0,v3.2.1,36
ORD00463,조천읍,한식,맑음,N,2.0,34700,6,5.0,v3.2.1,26
ORD00464,제주시내,치킨,맑음,Y,1.5,25700,1,30.0,v3.2.1,18
ORD00465,제주시내,중식,흐림,Y,3.2,17500,2,20.0,v3.2.1,22
ORD00466,제주시내,한식,흐림,N,4.1,24500,3,1.0,v3.2.1,21
ORD00467,애월읍,분식,흐림,N,2.1,21900,5,3.0,v3.2.1,12
ORD00468,애월읍,한식,맑음,Y,8.7,18800,2,2.0,v3.2.1,51
ORD00469,제주시내,카페디저트,맑음,N,1.2,12200,2,10.0,v3.2.1,8
ORD00470,제주시내,카페디저트,흐림,N,5.9,5900,1,2.0,v3.2.1,23
ORD00471,제주시내,분식,,N,1.6,12100,2,13.0,v3.2.1,8
ORD00472,제주시내,중식,맑음,Y,5.0,30900,4,12.0,v3.2.1,30
ORD00473,한림읍,치킨,맑음,N,1.8,32900,3,25.0,v3.2.1,16
ORD00474,제주시내,치킨,맑음,Y,6.7,23000,1,23.0,v3.2.1,38
ORD00475,조천읍,한식,비,N,3.5,30900,5,3.0,v3.2.1,41
ORD00476,구좌읍,치킨,비,Y,2.7,62100,5,2.0,v3.2.1,42
ORD00477,애월읍,분식,맑음,N,11.8,14800,3,7.0,v3.2.1,43
ORD00478,구좌읍,중식,맑음,Y,5.7,24600,3,3.0,v3.2.1,43
ORD00479,구좌읍,분식,흐림,N,1.6,16500,3,38.0,v3.2.1,8
ORD00480,제주시내,치킨,비,N,5.8,33200,4,6.0,v3.2.1,52
ORD00481,제주시내,치킨,맑음,Y,6.7,81800,7,6.0,v3.2.1,48
ORD00482,조천읍,치킨,맑음,N,2.9,72500,7,1.0,v3.2.1,36
ORD00483,애월읍,카페디저트,흐림,N,1.9,16100,4,6.0,v3.2.1,14
ORD00484,제주시내,카페디저트,맑음,Y,2.0,18600,4,2.0,v3.2.1,22
ORD00485,제주시내,중식,맑음,N,2.6,50400,7,47.0,v3.2.1,26
ORD00486,제주시내,한식,흐림,N,6.5,14600,2,6.0,v3.2.1,27
ORD00487,조천읍,치킨,비,N,3.2,33300,2,5.0,v3.2.1,36
ORD00488,애월읍,한식,맑음,Y,3.0,23000,3,59.0,v3.2.1,21
ORD00489,한림읍,치킨,맑음,N,8.8,29900,2,29.0,v3.2.1,49
ORD00490,한림읍,치킨,,N,1.6,42400,3,21.0,v3.2.1,19
ORD00491,구좌읍,치킨,흐림,Y,4.7,30200,2,6.0,v3.2.1,43
ORD00492,제주시내,중식,비,N,5.9,13500,1,5.0,v3.2.1,40
ORD00493,애월읍,한식,맑음,Y,7.1,31100,4,11.0,v3.2.1,36
ORD00494,한림읍,한식,흐림,N,2.8,25800,4,24.0,v3.2.1,19
ORD00495,제주시내,치킨,맑음,Y,3.1,63600,5,35.0,v3.2.1,32
ORD00496,조천읍,한식,맑음,N,1.9,18500,2,11.0,v3.2.1,19
ORD00497,구좌읍,분식,비,N,1.2,18100,4,1.0,v3.2.1,18
ORD00498,제주시내,치킨,맑음,N,4.3,25000,2,19.0,v3.2.1,22
ORD00499,제주시내,한식,비,N,3.5,24800,3,4.0,v3.2.1,19
ORD00500,구좌읍,한식,맑음,Y,6.7,38600,6,13.0,v3.2.1,48
ORD00501,한림읍,카페디저트,비,N,3.5,13000,3,13.0,v3.2.1,22
ORD00502,조천읍,한식,비,Y,3.1,20300,2,6.0,v3.2.1,35
ORD00503,조천읍,카페디저트,흐림,Y,2.3,9400,1,7.0,v3.2.1,21
ORD00504,한림읍,카페디저트,맑음,N,8.4,13400,3,9.0,v3.2.1,33
ORD00505,구좌읍,분식,비,N,2.0,15200,3,17.0,v3.2.1,19
ORD00506,제주시내,분식,비,N,9.1,12100,3,20.0,v3.2.1,41
ORD00507,애월읍,치킨,맑음,Y,3.8,27900,2,8.0,v3.2.1,30
ORD00508,제주시내,분식,맑음,N,12.1,9900,2,14.0,v3.2.1,43
ORD00509,조천읍,카페디저트,비,N,4.6,12400,4,4.0,v3.2.1,34
ORD00510,조천읍,치킨,맑음,N,8.0,39600,4,10.0,v3.2.1,40
ORD00511,구좌읍,카페디저트,맑음,N,1.9,20900,6,1.0,v3.2.1,17
ORD00512,한림읍,분식,비,N,2.1,21100,5,7.0,v3.2.1,23
ORD00513,제주시내,중식,맑음,N,3.2,36600,5,8.0,v3.2.1,26
ORD00514,제주시내,치킨,맑음,Y,7.5,50900,5,21.0,v3.2.1,46
ORD00515,애월읍,한식,맑음,N,4.2,20700,3,25.0,v3.2.1,24
ORD00516,구좌읍,분식,흐림,N,2.7,16000,3,6.0,v3.2.1,21
ORD00517,제주시내,한식,흐림,N,1.7,31900,5,5.0,v3.2.1,25
ORD00518,애월읍,분식,맑음,Y,3.1,21100,4,32.0,v3.2.1,20
ORD00519,구좌읍,한식,맑음,Y,6.9,25900,4,23.0,v3.2.1,36
ORD00520,조천읍,중식,맑음,N,4.1,21300,2,12.0,v3.2.1,27
ORD00521,구좌읍,중식,흐림,N,2.1,33500,5,24.0,v3.2.1,28
ORD00522,애월읍,한식,흐림,N,5.2,29100,6,1.0,v3.2.1,34
ORD00523,구좌읍,중식,흐림,Y,3.4,22000,2,6.0,v3.2.1,34
ORD00524,제주시내,분식,맑음,Y,3.7,26700,6,1.0,v3.2.1,23
ORD00525,제주시내,분식,흐림,N,1.9,17400,3,15.0,v3.2.1,21
ORD00526,한림읍,중식,맑음,Y,1.4,22900,3,2.0,v3.2.1,25
ORD00527,조천읍,한식,맑음,Y,1.4,27000,4,4.0,v3.2.1,37
ORD00528,애월읍,치킨,맑음,N,3.8,48500,4,46.0,v3.2.1,25
ORD00529,한림읍,치킨,흐림,Y,3.6,57400,6,1.0,v3.2.1,42
ORD00530,조천읍,분식,흐림,Y,6.5,12300,2,12.0,v3.2.1,41
ORD00531,애월읍,중식,맑음,N,3.1,26000,3,5.0,v3.2.1,23
ORD00532,제주시내,카페디저트,흐림,Y,1.6,10300,3,3.0,v3.2.1,31
ORD00533,제주시내,분식,맑음,Y,5.7,11000,2,1.0,v3.2.1,30
ORD00534,애월읍,카페디저트,비,Y,6.2,19200,5,29.0,v3.2.1,34
ORD00535,애월읍,분식,맑음,Y,2.7,16900,4,12.0,v3.2.1,22
ORD00536,제주시내,분식,흐림,N,2.2,10000,1,39.0,v3.2.1,12
ORD00537,조천읍,중식,맑음,N,8.3,27500,3,27.0,v3.2.1,30
ORD00538,한림읍,치킨,비,N,4.7,45300,4,2.0,v3.2.1,41
ORD00539,한림읍,카페디저트,흐림,Y,9.8,15500,3,2.0,v3.2.1,50
ORD00540,조천읍,치킨,맑음,N,2.4,47000,5,3.0,v3.2.1,21
ORD00541,한림읍,치킨,맑음,N,3.3,28300,2,22.0,v3.2.1,19
ORD00542,애월읍,카페디저트,맑음,Y,6.4,8100,1,7.0,v3.2.1,38
ORD00543,구좌읍,카페디저트,비,Y,3.5,12000,3,1.0,v3.2.1,33
ORD00544,조천읍,치킨,,N,1.3,39400,4,6.0,v3.2.1,19
ORD00545,제주시내,치킨,맑음,Y,7.3,40600,4,1.0,v3.2.1,46
ORD00546,구좌읍,한식,비,N,1.6,27100,3,17.0,v3.2.1,24
ORD00547,애월읍,한식,흐림,Y,4.2,27100,4,22.0,v3.2.1,25
ORD00548,제주시내,분식,맑음,Y,3.4,19000,4,1.0,v3.2.1,25
ORD00549,제주시내,치킨,맑음,Y,2.2,43600,3,34.0,v3.2.1,26
ORD00550,조천읍,치킨,비,N,4.1,30600,2,3.0,v3.2.1,38
ORD00551,제주시내,분식,흐림,N,1.9,33100,7,27.0,v3.2.1,14
ORD00552,애월읍,치킨,맑음,N,6.8,52300,5,10.0,v3.2.1,43
ORD00553,한림읍,카페디저트,맑음,N,3.9,14900,3,2.0,v3.2.1,18
ORD00554,구좌읍,분식,맑음,N,8.4,16600,3,86.0,v3.2.1,21
ORD00555,조천읍,중식,비,N,4.0,32100,4,2.0,v3.2.1,40
ORD00556,한림읍,분식,맑음,N,3.9,20900,5,13.0,v3.2.1,24
ORD00557,구좌읍,분식,맑음,N,5.8,11400,2,3.0,v3.2.1,26
ORD00558,제주시내,분식,맑음,Y,3.4,9300,2,35.0,v3.2.1,17
ORD00559,애월읍,분식,맑음,Y,4.7,11000,2,5.0,v3.2.1,30
ORD00560,조천읍,치킨,흐림,Y,9.7,42000,4,35.0,v3.2.1,56
ORD00561,제주시내,분식,비,Y,4.0,17600,4,25.0,v3.2.1,34
ORD00562,구좌읍,카페디저트,맑음,Y,7.4,19700,5,16.0,v3.2.1,29
ORD00563,조천읍,중식,비,Y,4.2,28600,4,12.0,v3.2.1,38
ORD00564,한림읍,한식,흐림,N,4.4,33200,6,17.0,v3.2.1,28
ORD00565,제주시내,분식,맑음,Y,1.6,10100,2,21.0,v3.2.1,19
ORD00566,조천읍,분식,맑음,N,2.2,25300,6,24.0,v3.2.1,18
ORD00567,애월읍,치킨,흐림,Y,6.2,31500,2,1.0,v3.2.1,46
ORD00568,구좌읍,카페디저트,맑음,Y,3.9,11500,2,2.0,v3.2.1,19
ORD00569,조천읍,분식,비,Y,6.1,13100,3,21.0,v3.2.1,42
ORD00570,제주시내,한식,비,Y,9.9,24600,3,4.0,v3.2.1,52
ORD00571,조천읍,분식,비,N,1.3,19100,6,14.0,v3.2.1,19
ORD00572,제주시내,한식,맑음,Y,4.9,24200,5,9.0,v3.2.1,34
ORD00573,조천읍,치킨,맑음,N,1.8,27500,3,13.0,v3.2.1,20
ORD00574,한림읍,중식,흐림,Y,4.5,27600,3,23.0,v3.2.1,36
ORD00575,제주시내,한식,흐림,N,1.7,22200,3,14.0,v3.2.1,17
ORD00576,제주시내,분식,맑음,N,4.8,12900,2,3.0,v3.2.1,15
ORD00577,애월읍,치킨,흐림,N,6.3,57900,5,2.0,v3.2.1,29
ORD00578,애월읍,한식,비,Y,4.0,17600,3,1.0,v3.2.1,36
ORD00579,제주시내,한식,맑음,N,4.2,20200,3,9.0,v3.2.1,23
ORD00580,애월읍,한식,맑음,N,2.6,20800,4,2.0,v3.2.1,15
ORD00581,제주시내,카페디저트,비,Y,7.1,6900,1,2.0,v3.2.1,41
ORD00582,애월읍,카페디저트,맑음,Y,4.4,17300,5,31.0,v3.2.1,31
ORD00583,한림읍,한식,비,N,4.3,23900,3,37.0,v3.2.1,37
ORD00584,제주시내,한식,맑음,N,5.2,23400,3,3.0,v3.2.1,31
ORD00585,한림읍,중식,맑음,N,1.0,20100,3,6.0,v3.2.1,18
ORD00586,애월읍,한식,비,N,0.9,14400,2,7.0,v3.2.1,20
ORD00587,제주시내,카페디저트,비,Y,5.4,11100,2,1.0,v3.2.1,41
ORD00588,한림읍,분식,맑음,N,3.3,9800,2,1.0,v3.2.1,15
ORD00589,조천읍,치킨,맑음,N,6.9,20900,1,32.0,v3.2.1,36
ORD00590,조천읍,카페디저트,흐림,N,7.4,9900,2,1.0,v3.2.1,34
ORD00591,애월읍,치킨,맑음,N,4.7,29000,2,2.0,v3.2.1,37
ORD00592,제주시내,분식,맑음,Y,2.8,13700,3,1.0,v3.2.1,29
ORD00593,제주시내,분식,맑음,N,3.2,21400,4,6.0,v3.2.1,15
ORD00594,제주시내,치킨,맑음,Y,3.0,54200,5,14.0,v3.2.1,30
ORD00595,한림읍,치킨,비,N,4.6,40000,3,4.0,v3.2.1,34
ORD00596,조천읍,한식,흐림,Y,3.0,16500,2,14.0,v3.2.1,28
ORD00597,제주시내,분식,비,N,4.2,10200,2,35.0,v3.2.1,29
ORD00598,한림읍,카페디저트,맑음,N,1.8,18600,4,1.0,v3.2.1,8
ORD00599,제주시내,중식,맑음,N,2.5,25900,3,2.0,v3.2.1,25
ORD00600,구좌읍,한식,흐림,N,2.6,22700,4,19.0,v3.2.1,23
ORD00601,제주시내,분식,맑음,Y,2.1,15300,4,22.0,v3.2.1,27
ORD00602,구좌읍,한식,흐림,Y,1.3,22100,3,44.0,v3.2.1,13
ORD00603,제주시내,치킨,비,Y,2.0,30000,2,,v3.2.1,32
ORD00604,제주시내,중식,맑음,N,3.7,38900,5,4.0,v3.2.1,29
ORD00605,애월읍,카페디저트,맑음,Y,1.4,28900,8,,v3.2.1,14
ORD00606,한림읍,분식,맑음,Y,1.5,23200,6,24.0,v3.2.1,14
ORD00607,제주시내,한식,흐림,N,5.2,15700,2,4.0,v3.2.1,30
ORD00608,제주시내,카페디저트,맑음,N,3.3,12300,2,5.0,v3.2.1,20
ORD00609,제주시내,치킨,맑음,Y,5.5,40200,3,5.0,v3.2.1,42
ORD00610,제주시내,카페디저트,맑음,N,5.4,17600,5,8.0,v3.2.1,29
ORD00611,제주시내,치킨,맑음,Y,6.2,22300,1,3.0,v3.2.1,44
ORD00612,제주시내,중식,맑음,N,5.1,29400,4,29.0,v3.2.1,27
ORD00613,제주시내,치킨,맑음,Y,4.7,33700,2,5.0,v3.2.1,35
ORD00614,조천읍,카페디저트,,N,10.5,10900,3,18.0,v3.2.1,50
ORD00615,조천읍,분식,맑음,Y,1.4,7100,1,17.0,v3.2.1,10
ORD00616,한림읍,카페디저트,비,N,4.6,7700,1,3.0,v3.2.1,23
ORD00617,제주시내,분식,흐림,Y,7.3,14400,3,11.0,v3.2.1,39
ORD00618,한림읍,한식,맑음,N,1.6,21000,3,5.0,v3.2.1,20
ORD00619,제주시내,중식,맑음,Y,3.3,26300,4,1.0,v3.2.1,31
ORD00620,조천읍,한식,맑음,Y,5.1,10800,1,2.0,v3.2.1,30
ORD00621,구좌읍,치킨,맑음,N,3.6,36700,3,,v3.2.1,25
ORD00622,한림읍,중식,맑음,Y,6.3,20900,3,1.0,v3.2.1,39
ORD00623,애월읍,분식,비,Y,6.0,12700,2,3.0,v3.2.1,36
ORD00624,애월읍,치킨,맑음,N,2.0,37700,3,53.0,v3.2.1,18
ORD00625,조천읍,치킨,비,Y,3.5,15500,1,31.0,v3.2.1,34
ORD00626,애월읍,카페디저트,맑음,N,7.0,12200,3,50.0,v3.2.1,27
ORD00627,한림읍,분식,맑음,Y,6.8,16800,3,58.0,v3.2.1,28
ORD00628,구좌읍,한식,맑음,Y,2.1,25100,3,40.0,v3.2.1,18
ORD00629,애월읍,치킨,맑음,N,2.0,52300,4,54.0,v3.2.1,17
ORD00630,한림읍,한식,비,N,4.3,17800,2,1.0,v3.2.1,30
ORD00631,제주시내,치킨,맑음,Y,1.8,28700,3,34.0,v3.2.1,26
ORD00632,제주시내,중식,맑음,Y,7.4,22200,3,9.0,v3.2.1,38
ORD00633,제주시내,한식,흐림,Y,13.2,25900,5,8.0,v3.2.1,64
ORD00634,애월읍,치킨,흐림,N,3.2,47200,4,14.0,v3.2.1,33
ORD00635,애월읍,중식,비,N,3.9,36100,5,13.0,v3.2.1,37
ORD00636,조천읍,한식,맑음,N,5.2,12600,1,9.0,v3.2.1,26
ORD00637,애월읍,치킨,비,N,3.0,55400,6,5.0,v3.2.1,29
ORD00638,한림읍,한식,흐림,N,4.6,21100,3,19.0,v3.2.1,25
ORD00639,제주시내,치킨,비,N,2.6,59000,5,11.0,v3.2.1,33
ORD00640,구좌읍,치킨,맑음,Y,6.7,26500,2,31.0,v3.2.1,42
ORD00641,제주시내,분식,맑음,N,4.6,13100,3,17.0,v3.2.1,16
ORD00642,제주시내,치킨,맑음,Y,9.3,33600,3,32.0,v3.2.1,60
ORD00643,한림읍,카페디저트,비,N,6.3,11300,2,16.0,v3.2.1,19
ORD00644,애월읍,치킨,맑음,Y,6.9,33000,3,30.0,v3.2.1,47
ORD00645,한림읍,한식,맑음,N,7.9,25200,4,6.0,v3.2.1,36
ORD00646,애월읍,카페디저트,맑음,N,6.2,11200,2,11.0,v3.2.1,10
ORD00647,한림읍,치킨,비,N,3.3,34500,3,3.0,v3.2.1,33
ORD00648,애월읍,카페디저트,맑음,Y,7.3,11100,2,3.0,v3.2.1,29
ORD00649,조천읍,중식,맑음,Y,2.7,27700,3,3.0,v3.2.1,32
ORD00650,애월읍,중식,비,N,1.0,24800,3,4.0,v3.2.1,29
ORD00651,애월읍,치킨,흐림,N,2.1,50100,4,6.0,v3.2.1,26
ORD00652,구좌읍,분식,흐림,Y,5.2,23600,5,1.0,v3.2.1,36
ORD00653,구좌읍,카페디저트,맑음,Y,2.9,19000,5,19.0,v3.2.1,24
ORD00654,구좌읍,중식,맑음,Y,3.1,19500,2,11.0,v3.2.1,32
ORD00655,애월읍,중식,맑음,N,8.7,28400,3,2.0,v3.2.1,47
ORD00656,한림읍,치킨,흐림,N,2.7,18600,1,29.0,v3.2.1,18
ORD00657,애월읍,분식,맑음,N,1.3,21300,6,36.0,v3.2.1,8
ORD00658,제주시내,중식,맑음,N,1.6,27800,3,1.0,v3.2.1,16
ORD00659,제주시내,분식,흐림,N,3.6,10300,2,8.0,v3.2.1,16
ORD00660,제주시내,중식,맑음,Y,3.6,26400,3,11.0,v3.2.1,28
ORD00661,조천읍,분식,흐림,N,1.9,13500,2,15.0,v3.2.1,8
ORD00662,구좌읍,중식,맑음,N,2.7,42300,5,4.0,v3.2.1,28
ORD00663,구좌읍,한식,흐림,N,2.4,23200,4,16.0,v3.2.1,15
ORD00664,제주시내,한식,흐림,Y,5.5,23100,3,15.0,v3.2.1,35
ORD00665,조천읍,치킨,비,N,1.8,31800,3,15.0,v3.2.1,39
ORD00666,제주시내,중식,맑음,N,6.3,26400,3,5.0,v3.2.1,35
ORD00667,제주시내,분식,맑음,N,2.0,26000,6,4.0,v3.2.1,10
ORD00668,구좌읍,카페디저트,흐림,Y,1.7,11900,3,27.0,v3.2.1,10
ORD00669,제주시내,치킨,흐림,N,3.3,58300,6,6.0,v3.2.1,36
ORD00670,제주시내,치킨,맑음,Y,8.6,28500,2,4.0,v3.2.1,50
ORD00671,조천읍,한식,흐림,Y,6.4,21800,3,24.0,v3.2.1,38
ORD00672,제주시내,중식,맑음,Y,1.4,67800,10,11.0,v3.2.1,31
ORD00673,구좌읍,중식,맑음,N,2.6,13700,2,1.0,v3.2.1,29
ORD00674,조천읍,치킨,맑음,N,5.6,28200,2,49.0,v3.2.1,34
ORD00675,애월읍,분식,흐림,Y,6.7,13800,3,23.0,v3.2.1,38
ORD00676,애월읍,한식,흐림,N,1.5,42700,6,6.0,v3.2.1,28
ORD00677,조천읍,카페디저트,흐림,N,4.0,6600,1,26.0,v3.2.1,14
ORD00678,조천읍,카페디저트,맑음,N,1.5,10800,3,1.0,v3.2.1,10
ORD00679,애월읍,분식,맑음,N,1.9,13300,2,24.0,v3.2.1,8
ORD00680,구좌읍,치킨,흐림,N,2.3,35100,3,2.0,v3.2.1,25
ORD00681,제주시내,한식,비,Y,4.4,16200,2,34.0,v3.2.1,38
ORD00682,애월읍,한식,맑음,N,4.0,22900,4,9.0,v3.2.1,25
ORD00683,제주시내,분식,흐림,N,1.7,18300,4,13.0,v3.2.1,15
ORD00684,제주시내,한식,흐림,N,8.8,23700,3,5.0,v3.2.1,36
ORD00685,애월읍,중식,맑음,N,2.7,21700,2,54.0,v3.2.1,23
ORD00686,애월읍,치킨,맑음,N,7.4,43900,3,23.0,v3.2.1,33
ORD00687,제주시내,중식,비,N,3.5,27700,3,8.0,v3.2.1,28
ORD00688,애월읍,카페디저트,,Y,5.4,26800,6,1.0,v3.2.1,42
ORD00689,제주시내,카페디저트,맑음,N,8.5,12200,3,16.0,v3.2.1,28
ORD00690,애월읍,중식,맑음,N,10.3,48400,7,30.0,v3.2.1,49
ORD00691,제주시내,치킨,흐림,N,4.9,55600,6,26.0,v3.2.1,34
ORD00692,조천읍,분식,맑음,N,11.6,19900,5,17.0,v3.2.1,43
ORD00693,애월읍,치킨,맑음,Y,1.5,51500,6,54.0,v3.2.1,23
ORD00694,제주시내,한식,맑음,Y,6.5,18700,4,13.0,v3.2.1,36
ORD00695,조천읍,한식,맑음,N,3.7,46300,7,2.0,v3.2.1,33
ORD00696,제주시내,분식,맑음,Y,3.3,11900,2,14.0,v3.2.1,27
ORD00697,제주시내,중식,흐림,Y,3.5,30600,4,19.0,v3.2.1,27
ORD00698,제주시내,분식,흐림,N,4.5,14800,3,11.0,v3.2.1,15
ORD00699,제주시내,중식,맑음,N,1.4,26800,4,11.0,v3.2.1,19
ORD00700,제주시내,중식,맑음,Y,1.7,12900,1,1.0,v3.2.1,30
ORD00701,제주시내,치킨,비,N,1.2,33200,3,14.0,v3.2.1,30
ORD00702,한림읍,치킨,맑음,N,1.2,29400,2,77.0,v3.2.1,10
ORD00703,제주시내,카페디저트,흐림,N,3.1,11300,2,31.0,v3.2.1,12
ORD00704,구좌읍,중식,흐림,Y,10.1,13500,1,19.0,v3.2.1,41
ORD00705,애월읍,중식,,Y,1.5,15500,2,15.0,v3.2.1,22
ORD00706,제주시내,중식,흐림,N,3.3,33500,6,31.0,v3.2.1,26
ORD00707,구좌읍,중식,흐림,N,1.7,37000,6,1.0,v3.2.1,24
ORD00708,제주시내,한식,흐림,N,6.3,20500,3,36.0,v3.2.1,35
ORD00709,애월읍,중식,맑음,N,3.1,29300,4,11.0,v3.2.1,24
ORD00710,애월읍,한식,비,Y,2.3,31700,5,3.0,v3.2.1,35
ORD00711,한림읍,중식,흐림,Y,3.8,11600,1,6.0,v3.2.1,32
ORD00712,제주시내,카페디저트,맑음,N,5.9,10300,2,5.0,v3.2.1,26
ORD00713,구좌읍,분식,흐림,Y,1.5,12000,3,6.0,v3.2.1,11
ORD00714,제주시내,치킨,맑음,Y,2.0,36000,3,29.0,v3.2.1,24
ORD00715,제주시내,치킨,맑음,N,5.3,54100,5,25.0,v3.2.1,30
ORD00716,조천읍,분식,비,N,3.2,11400,2,13.0,v3.2.1,22
ORD00717,애월읍,중식,맑음,N,3.3,36900,5,,v3.2.1,24
ORD00718,애월읍,분식,흐림,Y,6.6,12300,2,23.0,v3.2.1,32
ORD00719,제주시내,한식,맑음,N,3.9,12600,1,2.0,v3.2.1,23
ORD00720,애월읍,중식,흐림,N,9.1,43000,6,6.0,v3.2.1,44
ORD00721,애월읍,카페디저트,맑음,N,7.4,11200,2,7.0,v3.2.1,28
ORD00722,한림읍,한식,흐림,N,6.5,24300,4,22.0,v3.2.1,32
ORD00723,조천읍,한식,맑음,N,1.3,42400,6,34.0,v3.2.1,11
ORD00724,한림읍,분식,흐림,N,2.4,21500,5,9.0,v3.2.1,14
ORD00725,애월읍,중식,맑음,Y,3.3,24100,3,5.0,v3.2.1,40
ORD00726,애월읍,한식,,N,8.6,20000,3,6.0,v3.2.1,44
ORD00727,제주시내,카페디저트,비,N,2.5,12300,3,5.0,v3.2.1,30
ORD00728,한림읍,카페디저트,비,N,3.4,13600,4,65.0,v3.2.1,17
ORD00729,구좌읍,한식,흐림,Y,2.5,35700,5,4.0,v3.2.1,30
ORD00730,조천읍,분식,맑음,N,2.9,21600,5,1.0,v3.2.1,20
ORD00731,제주시내,치킨,비,N,1.5,38900,3,24.0,v3.2.1,25
ORD00732,제주시내,분식,맑음,Y,5.2,25300,6,2.0,v3.2.1,33
ORD00733,조천읍,치킨,맑음,N,1.7,45400,4,23.0,v3.2.1,21
ORD00734,한림읍,치킨,흐림,Y,4.9,58400,6,40.0,v3.2.1,43
ORD00735,조천읍,치킨,흐림,Y,9.1,45700,5,1.0,v3.2.1,50
ORD00736,조천읍,분식,흐림,N,1.9,15800,3,18.0,v3.2.1,14
ORD00737,애월읍,한식,맑음,Y,6.2,16300,3,14.0,v3.2.1,32
ORD00738,조천읍,치킨,맑음,Y,6.0,41000,4,5.0,v3.2.1,43
ORD00739,조천읍,중식,맑음,N,1.1,21500,2,45.0,v3.2.1,8
ORD00740,제주시내,한식,비,Y,3.1,19600,3,8.0,v3.2.1,29
ORD00741,애월읍,치킨,맑음,N,2.9,23900,2,5.0,v3.2.1,23
ORD00742,한림읍,한식,맑음,Y,3.5,12300,2,1.0,v3.2.1,35
ORD00743,구좌읍,한식,맑음,Y,3.4,28000,4,41.0,v3.2.1,27
ORD00744,구좌읍,치킨,맑음,Y,4.4,35000,3,24.0,v3.2.1,33
ORD00745,제주시내,한식,흐림,Y,2.3,16200,2,5.0,v3.2.1,24
ORD00746,애월읍,한식,흐림,N,4.7,22200,3,38.0,v3.2.1,21
ORD00747,제주시내,분식,비,Y,1.1,22600,5,14.0,v3.2.1,23
ORD00748,구좌읍,한식,맑음,N,11.1,38400,7,13.0,v3.2.1,50
ORD00749,구좌읍,분식,맑음,Y,8.6,20100,4,22.0,v3.2.1,42
ORD00750,제주시내,중식,맑음,Y,2.6,16000,1,10.0,v3.2.1,23
ORD00751,제주시내,중식,비,N,1.6,28500,4,70.0,v3.2.1,26
ORD00752,제주시내,분식,맑음,N,3.7,6600,1,25.0,v3.2.1,16
ORD00753,제주시내,중식,비,N,1.4,20600,3,15.0,v3.2.1,30
ORD00754,구좌읍,치킨,흐림,N,1.8,19000,1,1.0,v3.2.1,24
ORD00755,제주시내,카페디저트,흐림,N,5.4,11800,2,1.0,v3.2.1,31
ORD00756,구좌읍,중식,비,N,2.4,19300,2,4.0,v3.2.1,25
ORD00757,구좌읍,중식,맑음,N,4.6,28800,3,1.0,v3.2.1,32
ORD00758,제주시내,중식,흐림,N,3.7,17400,2,12.0,v3.2.1,32
ORD00759,구좌읍,한식,맑음,N,4.5,28900,4,6.0,v3.2.1,26
ORD00760,조천읍,카페디저트,맑음,N,11.6,21700,5,9.0,v3.2.1,40
ORD00761,애월읍,한식,맑음,N,3.2,21000,3,7.0,v3.2.1,18
ORD00762,애월읍,중식,맑음,Y,4.6,22500,2,34.0,v3.2.1,36
ORD00763,한림읍,중식,맑음,Y,6.3,19000,2,4.0,v3.2.1,36
ORD00764,구좌읍,치킨,맑음,N,5.1,28700,4,1.0,v3.2.1,34
ORD00765,조천읍,중식,비,N,2.8,38700,6,4.0,v3.2.1,33
ORD00766,제주시내,카페디저트,맑음,N,7.4,9500,2,23.0,v3.2.1,24
ORD00767,애월읍,중식,맑음,Y,4.9,34700,4,11.0,v3.2.1,41
ORD00768,제주시내,중식,맑음,Y,3.3,13000,1,6.0,v3.2.1,32
ORD00769,조천읍,치킨,맑음,N,4.8,64400,6,2.0,v3.2.1,30
ORD00770,제주시내,분식,비,N,4.0,24400,6,21.0,v3.2.1,28
ORD00771,애월읍,분식,맑음,N,2.2,24400,6,2.0,v3.2.1,21
ORD00772,조천읍,한식,비,Y,3.8,43200,7,9.0,v3.2.1,32
ORD00773,제주시내,치킨,맑음,N,2.2,41100,4,15.0,v3.2.1,24
ORD00774,제주시내,치킨,맑음,Y,4.2,48400,5,3.0,v3.2.1,44
ORD00775,한림읍,중식,비,N,3.6,33500,4,22.0,v3.2.1,23
ORD00776,한림읍,카페디저트,맑음,N,2.1,7700,1,3.0,v3.2.1,10
ORD00777,애월읍,중식,흐림,Y,1.9,31600,4,5.0,v3.2.1,30
ORD00778,애월읍,한식,흐림,Y,4.1,17100,2,1.0,v3.2.1,44
ORD00779,애월읍,중식,맑음,N,1.2,18100,2,8.0,v3.2.1,20
ORD00780,한림읍,중식,흐림,Y,2.0,26800,4,9.0,v3.2.1,27
ORD00781,조천읍,중식,흐림,Y,4.9,14800,1,58.0,v3.2.1,36
ORD00782,조천읍,중식,흐림,Y,7.6,24800,3,10.0,v3.2.1,46
ORD00783,구좌읍,분식,흐림,N,1.5,16400,3,23.0,v3.2.1,8
ORD00784,제주시내,카페디저트,흐림,Y,2.3,14300,3,7.0,v3.2.1,23
ORD00785,한림읍,한식,맑음,N,3.0,17800,2,13.0,v3.2.1,19
ORD00786,제주시내,치킨,,N,2.1,31400,2,2.0,v3.2.1,26
ORD00787,제주시내,분식,맑음,Y,5.7,11700,2,1.0,v3.2.1,23
ORD00788,제주시내,한식,맑음,N,2.9,25600,4,3.0,v3.2.1,17
ORD00789,제주시내,중식,맑음,N,2.8,27800,3,9.0,v3.2.1,27
ORD00790,제주시내,카페디저트,맑음,Y,1.6,16500,4,9.0,v3.2.1,11
ORD00791,애월읍,카페디저트,맑음,N,1.0,14600,4,4.0,v3.2.1,8
ORD00792,한림읍,한식,맑음,N,1.6,12500,1,6.0,v3.2.1,15
ORD00793,조천읍,한식,비,N,2.8,18400,2,4.0,v3.2.1,31
ORD00794,한림읍,한식,비,Y,3.3,30600,5,10.0,v3.2.1,39
ORD00795,조천읍,분식,흐림,N,1.9,15200,3,5.0,v3.2.1,14
ORD00796,애월읍,카페디저트,맑음,Y,5.1,19400,5,24.0,v3.2.1,22
ORD00797,한림읍,치킨,비,N,1.7,41200,4,9.0,v3.2.1,24
ORD00798,조천읍,한식,맑음,Y,3.5,24600,4,1.0,v3.2.1,28
ORD00799,조천읍,치킨,맑음,Y,6.3,43900,3,33.0,v3.2.1,34
ORD00800,조천읍,한식,비,Y,8.6,21600,3,21.0,v3.2.1,44
ORD00801,조천읍,분식,맑음,N,0.7,16600,4,5.0,v3.2.1,17
ORD00802,애월읍,카페디저트,맑음,Y,1.6,13200,4,11.0,v3.2.1,20
ORD00803,한림읍,분식,맑음,N,4.0,27200,6,13.0,v3.2.1,10
ORD00804,애월읍,한식,흐림,N,1.1,18300,3,22.0,v3.2.1,22
ORD00805,애월읍,한식,비,N,3.7,26100,5,20.0,v3.2.1,31
ORD00806,애월읍,중식,맑음,Y,2.6,20400,3,5.0,v3.2.1,27
ORD00807,애월읍,분식,맑음,Y,7.2,12400,2,8.0,v3.2.1,34
ORD00808,구좌읍,분식,비,Y,4.5,12100,3,25.0,v3.2.1,36
ORD00809,조천읍,치킨,맑음,N,4.0,27900,2,11.0,v3.2.1,28
ORD00810,조천읍,카페디저트,맑음,N,3.6,12800,3,22.0,v3.2.1,10
ORD00811,한림읍,한식,비,Y,4.6,23500,2,3.0,v3.2.1,45
ORD00812,한림읍,치킨,맑음,N,6.1,19800,1,15.0,v3.2.1,20
ORD00813,제주시내,한식,비,Y,10.3,22600,3,46.0,v3.2.1,51
ORD00814,제주시내,카페디저트,비,N,9.9,10700,2,15.0,v3.2.1,39
ORD00815,한림읍,카페디저트,비,Y,6.7,18500,4,20.0,v3.2.1,38
ORD00816,제주시내,분식,맑음,N,3.1,14500,3,12.0,v3.2.1,9
ORD00817,제주시내,카페디저트,맑음,N,4.7,20700,6,7.0,v3.2.1,19
ORD00818,구좌읍,한식,맑음,N,9.3,11200,1,6.0,v3.2.1,46
ORD00819,조천읍,중식,맑음,Y,5.3,47100,8,1.0,v3.2.1,46
ORD00820,애월읍,치킨,흐림,Y,8.9,41700,4,37.0,v3.2.1,52
ORD00821,제주시내,분식,비,N,4.8,12500,3,17.0,v3.2.1,24
ORD00822,제주시내,한식,맑음,N,3.2,17700,3,31.0,v3.2.1,18
ORD00823,제주시내,분식,맑음,N,2.7,12500,2,1.0,v3.2.1,17
ORD00824,구좌읍,분식,맑음,N,5.4,20300,5,12.0,v3.2.1,20
ORD00825,구좌읍,분식,흐림,N,5.2,19400,4,30.0,v3.2.1,20
ORD00826,애월읍,한식,흐림,Y,2.9,15800,2,9.0,v3.2.1,20
ORD00827,애월읍,한식,흐림,Y,8.0,17300,2,,v3.2.1,38
ORD00828,제주시내,치킨,맑음,N,7.9,20000,1,10.0,v3.2.1,36
ORD00829,애월읍,분식,흐림,N,2.9,17300,3,40.0,v3.2.1,12
ORD00830,한림읍,치킨,흐림,N,2.3,66700,7,7.0,v3.2.1,20
ORD00831,제주시내,치킨,흐림,N,5.6,40000,3,2.0,v3.2.1,39
ORD00832,제주시내,치킨,맑음,N,5.3,33400,3,50.0,v3.2.1,35
ORD00833,애월읍,중식,비,N,2.4,20900,2,1.0,v3.2.1,40
ORD00834,조천읍,분식,흐림,N,2.7,20500,4,1.0,v3.2.1,14
ORD00835,한림읍,중식,흐림,N,1.7,23900,3,6.0,v3.2.1,20
ORD00836,제주시내,중식,맑음,N,5.0,15100,1,3.0,v3.2.1,31
ORD00837,구좌읍,한식,맑음,N,4.2,13500,1,7.0,v3.2.1,20
ORD00838,애월읍,한식,흐림,N,3.0,39100,8,18.0,v3.2.1,23
ORD00839,제주시내,중식,비,Y,4.2,27000,5,11.0,v3.2.1,52
ORD00840,제주시내,중식,맑음,Y,2.4,21300,2,,v3.2.1,21
ORD00841,제주시내,한식,맑음,N,0.9,39000,7,7.0,v3.2.1,11
ORD00842,조천읍,분식,흐림,Y,2.4,18600,4,1.0,v3.2.1,31
ORD00843,한림읍,한식,맑음,N,1.3,30400,6,50.0,v3.2.1,8
ORD00844,애월읍,치킨,맑음,N,4.6,34900,3,1.0,v3.2.1,35
ORD00845,조천읍,치킨,흐림,Y,3.4,28000,2,14.0,v3.2.1,27
ORD00846,애월읍,치킨,맑음,N,4.0,22600,2,2.0,v3.2.1,30
ORD00847,제주시내,한식,맑음,Y,2.1,27900,4,11.0,v3.2.1,24
ORD00848,구좌읍,분식,비,Y,7.6,18600,4,5.0,v3.2.1,48
ORD00849,제주시내,한식,비,N,3.0,17300,2,53.0,v3.2.1,18
ORD00850,애월읍,중식,흐림,Y,5.9,39500,5,27.0,v3.2.1,35
ORD00851,애월읍,치킨,흐림,N,4.8,28100,2,18.0,v3.2.1,33
ORD00852,구좌읍,한식,흐림,N,5.3,20300,3,7.0,v3.2.1,32
ORD00853,구좌읍,중식,맑음,N,3.8,43200,6,3.0,v3.2.1,25
ORD00854,애월읍,한식,흐림,Y,4.7,29200,4,4.0,v3.2.1,34
ORD00855,제주시내,중식,흐림,N,4.3,15200,1,24.0,v3.2.1,29
ORD00856,제주시내,중식,맑음,N,1.7,29800,5,28.0,v3.2.1,13
ORD00857,제주시내,한식,흐림,N,3.0,33400,6,12.0,v3.2.1,33
ORD00858,제주시내,분식,흐림,N,3.9,18100,4,18.0,v3.2.1,22
ORD00859,애월읍,치킨,맑음,Y,1.8,27400,3,7.0,v3.2.1,35
ORD00860,제주시내,중식,흐림,N,1.7,37700,6,6.0,v3.2.1,21
ORD00861,한림읍,카페디저트,비,N,1.3,9200,2,45.0,v3.2.1,8
ORD00862,제주시내,한식,맑음,Y,1.2,12300,1,15.0,v3.2.1,17
ORD00863,한림읍,카페디저트,흐림,Y,5.6,22300,6,11.0,v3.2.1,31
ORD00864,조천읍,중식,흐림,N,3.0,15100,1,8.0,v3.2.1,29
ORD00865,제주시내,분식,흐림,Y,1.8,11000,2,56.0,v3.2.1,18
ORD00866,조천읍,중식,비,N,5.6,36700,5,9.0,v3.2.1,42
ORD00867,애월읍,분식,흐림,Y,4.0,18500,5,4.0,v3.2.1,35
ORD00868,구좌읍,분식,맑음,N,7.1,20000,4,7.0,v3.2.1,31
ORD00869,제주시내,치킨,맑음,N,8.1,30100,2,13.0,v3.2.1,36
ORD00870,애월읍,한식,맑음,Y,3.5,24800,4,16.0,v3.2.1,29
ORD00871,애월읍,한식,맑음,Y,2.7,37400,5,7.0,v3.2.1,31
ORD00872,조천읍,카페디저트,맑음,Y,5.2,18900,5,4.0,v3.2.1,35
ORD00873,구좌읍,카페디저트,맑음,N,1.0,18400,4,33.0,v3.2.1,10
ORD00874,제주시내,한식,맑음,Y,11.5,18200,2,1.0,v3.2.1,52
ORD00875,제주시내,치킨,,N,4.9,17900,1,1.0,v3.2.1,26
ORD00876,애월읍,한식,맑음,N,5.4,23900,3,37.0,v3.2.1,21
ORD00877,조천읍,카페디저트,맑음,N,3.1,8600,1,2.0,v3.2.1,8
ORD00878,조천읍,카페디저트,맑음,Y,2.4,14100,4,4.0,v3.2.1,26
ORD00879,조천읍,중식,맑음,Y,5.2,20500,2,7.0,v3.2.1,33
ORD00880,제주시내,한식,비,N,2.9,33100,5,2.0,v3.2.1,30
ORD00881,애월읍,치킨,비,N,9.3,41700,3,7.0,v3.2.1,56
ORD00882,제주시내,한식,흐림,Y,7.1,22800,3,2.0,v3.2.1,47
ORD00883,조천읍,치킨,흐림,N,6.0,42500,4,4.0,v3.2.1,43
ORD00884,구좌읍,분식,맑음,N,1.7,9300,2,13.0,v3.2.1,207
ORD00885,제주시내,카페디저트,맑음,N,2.5,15900,5,18.0,v3.2.1,8
ORD00886,제주시내,한식,맑음,N,5.2,31600,5,2.0,v3.2.1,28
ORD00887,제주시내,분식,맑음,Y,13.6,16600,3,6.0,v3.2.1,59
ORD00888,제주시내,분식,맑음,Y,3.3,12900,3,14.0,v3.2.1,27
ORD00889,한림읍,치킨,흐림,Y,9.1,19800,1,37.0,v3.2.1,43
ORD00890,한림읍,한식,맑음,N,2.0,20400,3,18.0,v3.2.1,18
ORD00891,제주시내,분식,맑음,Y,3.0,25800,6,3.0,v3.2.1,39
ORD00892,애월읍,중식,비,Y,1.9,26300,3,6.0,v3.2.1,33
ORD00893,한림읍,치킨,비,Y,2.5,59600,5,3.0,v3.2.1,41
ORD00894,한림읍,카페디저트,맑음,N,1.5,14400,3,18.0,v3.2.1,15
ORD00895,구좌읍,카페디저트,흐림,N,3.0,10400,3,7.0,v3.2.1,17
ORD00896,조천읍,중식,맑음,N,3.0,33700,4,8.0,v3.2.1,19
ORD00897,조천읍,한식,흐림,N,3.9,22000,3,17.0,v3.2.1,26
ORD00898,애월읍,분식,흐림,Y,5.5,15400,4,25.0,v3.2.1,31
ORD00899,애월읍,한식,맑음,N,6.1,23100,4,2.0,v3.2.1,33
ORD00900,구좌읍,중식,흐림,N,1.2,36800,6,17.0,v3.2.1,16
ORD00901,제주시내,분식,흐림,N,4.0,8600,1,4.0,v3.2.1,18
ORD00902,제주시내,중식,맑음,Y,1.6,27700,4,6.0,v3.2.1,18
ORD00903,제주시내,치킨,흐림,N,5.1,51700,5,3.0,v3.2.1,32
ORD00904,제주시내,치킨,비,N,9.8,43800,4,14.0,v3.2.1,53
ORD00905,한림읍,한식,맑음,Y,2.4,23300,3,6.0,v3.2.1,29
ORD00906,제주시내,분식,맑음,N,4.6,14800,4,5.0,v3.2.1,15
ORD00907,한림읍,분식,흐림,N,4.9,10300,2,1.0,v3.2.1,29
ORD00908,애월읍,카페디저트,비,N,2.1,17100,3,77.0,v3.2.1,14
ORD00909,구좌읍,분식,,N,3.2,12800,2,48.0,v3.2.1,14
ORD00910,한림읍,분식,맑음,N,5.3,15700,4,1.0,v3.2.1,29
ORD00911,조천읍,카페디저트,맑음,Y,3.5,15100,3,8.0,v3.2.1,19
ORD00912,애월읍,한식,맑음,Y,6.2,34700,5,16.0,v3.2.1,39
ORD00913,한림읍,분식,맑음,Y,1.9,11900,3,1.0,v3.2.1,19
ORD00914,제주시내,중식,맑음,Y,6.8,23800,3,13.0,v3.2.1,37
ORD00915,한림읍,치킨,맑음,Y,6.8,43600,4,3.0,v3.2.1,38
ORD00916,구좌읍,한식,흐림,N,3.2,26800,4,38.0,v3.2.1,16
ORD00917,애월읍,중식,비,N,11.5,15200,1,,v3.2.1,52
ORD00918,조천읍,치킨,맑음,N,1.4,21300,1,23.0,v3.2.1,17
ORD00919,한림읍,한식,흐림,N,5.3,19100,3,29.0,v3.2.1,24
ORD00920,제주시내,카페디저트,맑음,N,3.4,15600,3,10.0,v3.2.1,16
ORD00921,조천읍,분식,비,N,5.0,22000,6,5.0,v3.2.1,25
ORD00922,한림읍,중식,맑음,Y,4.5,32600,5,1.0,v3.2.1,31
ORD00923,제주시내,분식,비,Y,3.2,13300,2,5.0,v3.2.1,33
ORD00924,조천읍,카페디저트,비,Y,3.5,14600,3,8.0,v3.2.1,27
ORD00925,한림읍,중식,맑음,Y,3.7,20100,2,3.0,v3.2.1,42
ORD00926,제주시내,분식,맑음,N,4.5,28900,6,90.0,v3.2.1,17
ORD00927,한림읍,치킨,비,Y,3.1,50100,5,6.0,v3.2.1,48
ORD00928,한림읍,분식,흐림,N,4.5,10600,2,6.0,v3.2.1,20
ORD00929,제주시내,한식,흐림,Y,2.4,21500,3,1.0,v3.2.1,31
ORD00930,애월읍,카페디저트,비,Y,2.9,15800,3,8.0,v3.2.1,23
ORD00931,한림읍,치킨,흐림,N,2.7,19200,1,1.0,v3.2.1,21
ORD00932,애월읍,분식,비,Y,4.6,14400,3,9.0,v3.2.1,30
ORD00933,한림읍,한식,비,N,7.1,17800,2,20.0,v3.2.1,43
ORD00934,제주시내,중식,맑음,Y,3.6,15800,1,10.0,v3.2.1,25
ORD00935,한림읍,한식,맑음,N,1.8,17700,2,14.0,v3.2.1,12
ORD00936,제주시내,치킨,맑음,N,4.1,27900,3,40.0,v3.2.1,26
ORD00937,애월읍,중식,맑음,N,4.7,31900,5,40.0,v3.2.1,32
ORD00938,조천읍,중식,비,Y,8.2,23300,2,30.0,v3.2.1,52
ORD00939,제주시내,한식,맑음,Y,2.4,11500,1,1.0,v3.2.1,22
ORD00940,애월읍,중식,흐림,Y,6.5,13600,1,7.0,v3.2.1,47
ORD00941,제주시내,중식,맑음,Y,4.2,27100,3,7.0,v3.2.1,36
ORD00942,제주시내,카페디저트,맑음,N,2.5,18200,4,4.0,v3.2.1,10
ORD00943,한림읍,치킨,맑음,N,4.6,43900,4,25.0,v3.2.1,33
ORD00944,구좌읍,중식,비,N,5.3,43100,7,34.0,v3.2.1,33
ORD00945,애월읍,한식,맑음,Y,3.2,17400,3,15.0,v3.2.1,33
ORD00946,제주시내,치킨,흐림,N,7.0,33200,4,4.0,v3.2.1,48
ORD00947,애월읍,한식,맑음,N,2.9,26900,4,2.0,v3.2.1,17
ORD00948,구좌읍,한식,맑음,Y,1.1,34200,5,12.0,v3.2.1,25
ORD00949,구좌읍,중식,,Y,2.7,22800,5,4.0,v3.2.1,31
ORD00950,조천읍,한식,맑음,N,0.9,35800,7,42.0,v3.2.1,8
ORD00951,구좌읍,중식,흐림,N,3.2,23400,3,16.0,v3.2.1,22
ORD00952,조천읍,치킨,맑음,N,2.3,43100,4,6.0,v3.2.1,339
ORD00953,제주시내,한식,맑음,N,9.5,22700,3,2.0,v3.2.1,42
ORD00954,구좌읍,분식,맑음,Y,5.4,26300,5,61.0,v3.2.1,29
ORD00955,제주시내,한식,맑음,N,1.1,34200,4,1.0,v3.2.1,28
ORD00956,제주시내,치킨,맑음,N,1.4,53900,5,7.0,v3.2.1,25
ORD00957,애월읍,중식,흐림,Y,4.5,33900,4,11.0,v3.2.1,36
ORD00958,한림읍,카페디저트,맑음,Y,2.2,19900,6,30.0,v3.2.1,25
ORD00959,제주시내,카페디저트,맑음,Y,2.2,11500,2,27.0,v3.2.1,17
ORD00960,제주시내,치킨,흐림,Y,3.7,37700,3,10.0,v3.2.1,239
ORD00961,제주시내,치킨,맑음,Y,1.2,31300,2,3.0,v3.2.1,31
ORD00962,애월읍,치킨,비,N,3.5,32100,3,3.0,v3.2.1,43
ORD00963,한림읍,중식,흐림,Y,7.0,30800,4,12.0,v3.2.1,38
ORD00964,조천읍,한식,,Y,2.5,13000,2,39.0,v3.2.1,29
ORD00965,제주시내,한식,비,N,5.6,13800,2,36.0,v3.2.1,26
ORD00966,제주시내,카페디저트,맑음,Y,3.3,14500,3,20.0,v3.2.1,25
ORD00967,애월읍,분식,맑음,N,3.4,10100,1,2.0,v3.2.1,13
ORD00968,한림읍,분식,비,Y,5.2,13400,3,3.0,v3.2.1,30
ORD00969,구좌읍,카페디저트,흐림,N,2.4,22200,7,12.0,v3.2.1,21
ORD00970,조천읍,치킨,맑음,Y,2.9,39500,3,9.0,v3.2.1,31
ORD00971,제주시내,한식,비,N,2.4,28400,4,10.0,v3.2.1,23
ORD00972,구좌읍,중식,흐림,N,3.9,26100,3,1.0,v3.2.1,25
ORD00973,제주시내,카페디저트,맑음,N,1.5,15100,4,2.0,v3.2.1,10
ORD00974,구좌읍,한식,,N,3.1,32100,6,4.0,v3.2.1,28
ORD00975,제주시내,분식,맑음,Y,1.0,18700,4,4.0,v3.2.1,16
ORD00976,구좌읍,치킨,맑음,N,5.6,28300,2,12.0,v3.2.1,32
ORD00977,제주시내,카페디저트,맑음,Y,1.5,13700,3,11.0,v3.2.1,13
ORD00978,애월읍,치킨,맑음,N,0.9,37000,3,15.0,v3.2.1,13
ORD00979,제주시내,치킨,흐림,N,3.3,57500,6,15.0,v3.2.1,25
ORD00980,구좌읍,분식,흐림,Y,2.4,17800,4,,v3.2.1,20
ORD00981,제주시내,분식,맑음,N,1.9,17800,3,11.0,v3.2.1,12
ORD00982,조천읍,분식,흐림,N,4.0,10100,2,2.0,v3.2.1,26
ORD00983,제주시내,한식,맑음,N,2.9,24600,4,1.0,v3.2.1,20
ORD00984,구좌읍,한식,흐림,N,5.4,28300,6,3.0,v3.2.1,26
ORD00985,조천읍,한식,맑음,N,3.5,36100,6,5.0,v3.2.1,26
ORD00986,애월읍,치킨,맑음,N,6.2,19300,1,9.0,v3.2.1,35
ORD00987,제주시내,카페디저트,맑음,N,2.1,22500,6,2.0,v3.2.1,17
ORD00988,제주시내,카페디저트,비,N,1.4,16100,4,2.0,v3.2.1,24
ORD00989,조천읍,치킨,맑음,N,2.7,44400,6,6.0,v3.2.1,34
ORD00990,애월읍,분식,맑음,N,4.7,14800,3,10.0,v3.2.1,15
ORD00991,한림읍,한식,맑음,N,3.9,20200,4,2.0,v3.2.1,33
ORD00992,조천읍,한식,맑음,Y,10.0,12600,1,2.0,v3.2.1,50
ORD00993,제주시내,한식,맑음,N,5.9,40100,8,12.0,v3.2.1,38
ORD00994,제주시내,치킨,맑음,N,3.4,44300,4,11.0,v3.2.1,27
ORD00995,제주시내,치킨,흐림,N,0.6,50500,5,5.0,v3.2.1,27
ORD00996,조천읍,카페디저트,흐림,N,1.9,8400,1,21.0,v3.2.1,8
ORD00997,제주시내,한식,맑음,N,2.4,25900,4,2.0,v3.2.1,13
ORD00998,애월읍,한식,흐림,Y,1.9,18900,3,27.0,v3.2.1,33
ORD00999,한림읍,중식,맑음,N,6.5,24500,3,40.0,v3.2.1,29
ORD01000,애월읍,한식,비,Y,3.1,18200,2,4.0,v3.2.1,30
ORD01001,제주시내,분식,맑음,N,5.2,11100,2,11.0,v3.2.1,21
ORD01002,애월읍,한식,맑음,Y,2.0,21200,3,30.0,v3.2.1,28
ORD01003,조천읍,한식,맑음,N,2.2,28500,4,5.0,v3.2.1,18
ORD01004,구좌읍,분식,맑음,Y,3.9,17700,4,9.0,v3.2.1,29
ORD01005,구좌읍,치킨,흐림,Y,2.5,21000,1,14.0,v3.2.1,29
ORD01006,한림읍,치킨,비,Y,2.0,54300,5,2.0,v3.2.1,42
ORD01007,한림읍,한식,,Y,13.6,21800,3,13.0,v3.2.1,68
ORD01008,조천읍,치킨,맑음,Y,3.4,20800,2,13.0,v3.2.1,29
ORD01009,제주시내,분식,맑음,Y,3.7,16100,3,6.0,v3.2.1,22
ORD01010,제주시내,중식,맑음,N,4.8,39600,6,6.0,v3.2.1,28
ORD01011,조천읍,한식,맑음,Y,4.4,10800,1,3.0,v3.2.1,20
ORD01012,제주시내,치킨,맑음,N,3.6,33200,3,6.0,v3.2.1,27
ORD01013,애월읍,치킨,흐림,Y,6.8,43700,4,29.0,v3.2.1,47
ORD01014,조천읍,분식,흐림,N,11.7,9600,1,5.0,v3.2.1,52
ORD01015,제주시내,치킨,흐림,Y,2.3,18600,1,29.0,v3.2.1,28
ORD01016,제주시내,한식,,N,2.3,19100,2,8.0,v3.2.1,21
ORD01017,제주시내,치킨,비,N,2.0,41200,3,10.0,v3.2.1,33
ORD01018,제주시내,한식,맑음,N,2.8,14700,1,9.0,v3.2.1,19
ORD01019,구좌읍,한식,맑음,N,2.5,30400,5,10.0,v3.2.1,20
ORD01020,조천읍,카페디저트,비,N,4.5,10600,2,15.0,v3.2.1,27
ORD01021,애월읍,치킨,흐림,Y,3.1,24000,2,15.0,v3.2.1,34
ORD01022,구좌읍,한식,맑음,N,5.8,18500,3,8.0,v3.2.1,29
ORD01023,제주시내,치킨,비,Y,2.7,29100,2,37.0,v3.2.1,36
ORD01024,조천읍,한식,맑음,N,5.0,15700,2,46.0,v3.2.1,11
ORD01025,한림읍,치킨,맑음,N,4.0,39500,3,25.0,v3.2.1,31
ORD01026,제주시내,카페디저트,맑음,N,8.2,18900,5,24.0,v3.2.1,31
ORD01027,제주시내,치킨,비,N,3.0,30500,2,12.0,v3.2.1,36
ORD01028,제주시내,분식,비,N,2.1,17300,4,28.0,v3.2.1,19
ORD01029,애월읍,분식,맑음,Y,2.8,8400,1,7.0,v3.2.1,23
ORD01030,제주시내,분식,흐림,N,4.9,26400,5,56.0,v3.2.1,25
ORD01031,애월읍,한식,맑음,Y,5.1,20500,2,7.0,v3.2.1,34
ORD01032,구좌읍,치킨,흐림,N,1.0,30000,3,1.0,v3.2.1,33
ORD01033,조천읍,분식,흐림,N,8.4,8500,1,2.0,v3.2.1,31
ORD01034,조천읍,치킨,흐림,Y,8.7,53800,5,1.0,v3.2.1,55
ORD01035,제주시내,분식,맑음,N,2.0,18500,4,14.0,v3.2.1,12
ORD01036,구좌읍,한식,맑음,N,3.5,34600,5,19.0,v3.2.1,29
ORD01037,한림읍,한식,비,Y,3.1,11400,1,34.0,v3.2.1,38
ORD01038,애월읍,중식,비,N,1.7,22100,4,13.0,v3.2.1,23
ORD01039,애월읍,카페디저트,맑음,Y,11.2,6400,1,1.0,v3.2.1,44
ORD01040,애월읍,중식,흐림,Y,2.1,23600,2,6.0,v3.2.1,29
ORD01041,애월읍,분식,흐림,Y,4.4,25600,6,2.0,v3.2.1,29
ORD01042,구좌읍,분식,맑음,N,1.8,13800,3,10.0,v3.2.1,12
ORD01043,구좌읍,중식,흐림,N,4.7,24100,2,8.0,v3.2.1,35
ORD01044,한림읍,중식,흐림,Y,1.5,28500,4,14.0,v3.2.1,34
ORD01045,구좌읍,한식,맑음,N,3.1,21900,3,8.0,v3.2.1,16
ORD01046,구좌읍,한식,맑음,Y,2.9,13000,2,3.0,v3.2.1,29
ORD01047,구좌읍,한식,비,Y,2.9,23800,4,1.0,v3.2.1,35
ORD01048,제주시내,한식,맑음,N,3.1,37400,6,9.0,v3.2.1,22
ORD01049,조천읍,한식,맑음,Y,2.7,26700,4,,v3.2.1,17
ORD01050,조천읍,중식,흐림,N,3.3,26200,3,19.0,v3.2.1,32
ORD01051,제주시내,중식,맑음,N,6.8,20300,3,2.0,v3.2.1,37
ORD01052,조천읍,치킨,맑음,N,5.4,38000,3,16.0,v3.2.1,34
ORD01053,애월읍,한식,비,N,1.6,26700,4,24.0,v3.2.1,26
ORD01054,조천읍,중식,흐림,N,5.0,14100,1,13.0,v3.2.1,25
ORD01055,애월읍,분식,비,Y,2.8,12000,2,62.0,v3.2.1,26
ORD01056,조천읍,카페디저트,맑음,N,8.6,10200,2,12.0,v3.2.1,26
ORD01057,한림읍,치킨,맑음,N,4.1,29000,2,58.0,v3.2.1,27
ORD01058,제주시내,카페디저트,맑음,N,0.9,16200,4,15.0,v3.2.1,8
ORD01059,조천읍,치킨,맑음,N,5.1,25400,2,27.0,v3.2.1,33
ORD01060,제주시내,한식,맑음,N,4.8,21900,4,4.0,v3.2.1,20
ORD01061,애월읍,한식,흐림,N,4.4,22900,6,9.0,v3.2.1,30
ORD01062,한림읍,치킨,맑음,N,5.0,39900,4,9.0,v3.2.1,38
ORD01063,조천읍,한식,맑음,N,5.2,47100,7,70.0,v3.2.1,25
ORD01064,제주시내,한식,,N,4.1,21300,3,19.0,v3.2.1,17
ORD01065,제주시내,한식,맑음,Y,5.7,19400,3,10.0,v3.2.1,30
ORD01066,제주시내,치킨,흐림,N,2.7,28600,2,3.0,v3.2.1,29
ORD01067,구좌읍,치킨,흐림,N,6.2,17900,1,10.0,v3.2.1,42
ORD01068,한림읍,카페디저트,흐림,N,5.6,12300,4,36.0,v3.2.1,30
ORD01069,한림읍,중식,맑음,N,5.0,17400,2,9.0,v3.2.1,30
ORD01070,구좌읍,치킨,맑음,Y,3.3,44400,4,2.0,v3.2.1,38
ORD01071,구좌읍,중식,맑음,N,4.0,24500,4,21.0,v3.2.1,27
ORD01072,한림읍,한식,맑음,N,5.4,12200,1,4.0,v3.2.1,23
ORD01073,제주시내,치킨,,Y,1.5,49300,4,1.0,v3.2.1,44
ORD01074,애월읍,분식,비,N,8.3,16500,3,30.0,v3.2.1,39
ORD01075,제주시내,한식,맑음,N,0.7,39500,8,7.0,v3.2.1,17
ORD01076,한림읍,치킨,맑음,Y,3.2,33700,3,1.0,v3.2.1,40
ORD01077,애월읍,분식,맑음,N,2.5,7400,1,16.0,v3.2.1,16
ORD01078,애월읍,중식,맑음,N,1.4,18100,2,1.0,v3.2.1,21
ORD01079,구좌읍,분식,흐림,Y,2.1,14800,6,5.0,v3.2.1,26
ORD01080,애월읍,카페디저트,흐림,N,4.8,19500,4,15.0,v3.2.1,16
ORD01081,구좌읍,치킨,맑음,Y,7.2,28400,2,19.0,v3.2.1,40
ORD01082,제주시내,한식,맑음,N,2.6,40900,6,15.0,v3.2.1,17
ORD01083,한림읍,중식,흐림,N,8.9,13400,1,25.0,v3.2.1,30
ORD01084,제주시내,카페디저트,맑음,N,1.6,13300,3,14.0,v3.2.1,17
ORD01085,한림읍,분식,맑음,N,2.5,22900,4,6.0,v3.2.1,19
ORD01086,조천읍,한식,흐림,Y,1.3,27100,4,15.0,v3.2.1,26
ORD01087,제주시내,한식,흐림,Y,3.5,31000,5,9.0,v3.2.1,32
ORD01088,제주시내,치킨,흐림,Y,4.0,31200,2,8.0,v3.2.1,39
ORD01089,애월읍,한식,맑음,N,1.8,37500,7,6.0,v3.2.1,17
ORD01090,한림읍,한식,,N,2.4,20400,3,20.0,v3.2.1,16
ORD01091,애월읍,한식,흐림,Y,11.0,24100,4,22.0,v3.2.1,52
ORD01092,한림읍,카페디저트,맑음,Y,1.9,9500,2,12.0,v3.2.1,16
ORD01093,한림읍,카페디저트,흐림,Y,5.1,19900,6,1.0,v3.2.1,28
ORD01094,제주시내,한식,흐림,Y,3.9,31400,5,22.0,v3.2.1,32
ORD01095,구좌읍,치킨,흐림,N,1.0,56500,5,1.0,v3.2.1,33
ORD01096,애월읍,한식,맑음,N,0.7,25300,4,30.0,v3.2.1,8
ORD01097,애월읍,한식,흐림,N,2.1,31500,6,13.0,v3.2.1,19
ORD01098,조천읍,카페디저트,맑음,Y,1.9,13500,3,12.0,v3.2.1,11
ORD01099,조천읍,중식,맑음,Y,6.3,42700,6,3.0,v3.2.1,42
ORD01100,제주시내,한식,흐림,N,4.7,19900,3,13.0,v3.2.1,33
ORD01101,제주시내,한식,맑음,N,3.0,16400,2,9.0,v3.2.1,23
ORD01102,제주시내,중식,맑음,N,1.5,26100,3,26.0,v3.2.1,13
ORD01103,제주시내,치킨,,N,2.8,36400,3,12.0,v3.2.1,35
ORD01104,한림읍,카페디저트,흐림,N,1.8,21600,6,4.0,v3.2.1,13
ORD01105,제주시내,치킨,맑음,Y,4.2,49400,4,17.0,v3.2.1,33
ORD01106,조천읍,치킨,맑음,Y,5.3,28500,2,15.0,v3.2.1,33
ORD01107,애월읍,중식,맑음,N,1.8,29600,4,5.0,v3.2.1,20
ORD01108,한림읍,치킨,맑음,N,2.3,27900,2,39.0,v3.2.1,308
ORD01109,제주시내,카페디저트,흐림,Y,5.7,25500,6,28.0,v3.2.1,32
ORD01110,조천읍,치킨,흐림,N,4.0,24400,1,3.0,v3.2.1,33
ORD01111,한림읍,카페디저트,흐림,Y,3.1,13700,3,3.0,v3.2.1,25
ORD01112,구좌읍,한식,맑음,N,1.1,16400,2,7.0,v3.2.1,14
ORD01113,조천읍,치킨,비,Y,4.3,22400,1,5.0,v3.2.1,42
ORD01114,조천읍,중식,맑음,N,0.7,15500,2,5.0,v3.2.1,10
ORD01115,제주시내,중식,맑음,N,3.8,23900,3,3.0,v3.2.1,32
ORD01116,제주시내,한식,비,N,5.9,33700,5,19.0,v3.2.1,40
ORD01117,애월읍,카페디저트,맑음,N,8.5,11500,2,31.0,v3.2.1,26
ORD01118,구좌읍,치킨,비,Y,4.9,25200,2,7.0,v3.2.1,50
ORD01119,한림읍,분식,맑음,N,1.4,15700,4,1.0,v3.2.1,19
ORD01120,애월읍,한식,맑음,N,8.8,34000,5,5.0,v3.2.1,37
ORD01121,제주시내,중식,맑음,Y,3.7,27300,4,38.0,v3.2.1,34
ORD01122,조천읍,치킨,흐림,N,3.7,42900,4,10.0,v3.2.1,31
ORD01123,제주시내,카페디저트,맑음,N,5.9,15200,4,15.0,v3.2.1,19
ORD01124,애월읍,분식,비,Y,6.4,12500,3,1.0,v3.2.1,40
ORD01125,제주시내,중식,흐림,N,2.4,19800,2,1.0,v3.2.1,27
ORD01126,구좌읍,분식,비,Y,4.0,18600,4,26.0,v3.2.1,33
ORD01127,제주시내,한식,맑음,N,3.5,19100,3,5.0,v3.2.1,150
ORD01128,애월읍,중식,맑음,Y,7.1,36400,4,5.0,v3.2.1,48
ORD01129,구좌읍,치킨,맑음,Y,4.8,63500,6,21.0,v3.2.1,41
ORD01130,조천읍,카페디저트,비,Y,1.6,14100,3,9.0,v3.2.1,14
ORD01131,조천읍,중식,흐림,N,5.5,29300,4,2.0,v3.2.1,24
ORD01132,한림읍,중식,흐림,N,1.8,23600,3,1.0,v3.2.1,22
ORD01133,구좌읍,중식,흐림,Y,13.5,23600,3,2.0,v3.2.1,61
ORD01134,애월읍,한식,맑음,N,3.1,36400,6,6.0,v3.2.1,28
ORD01135,한림읍,치킨,맑음,N,2.2,33200,3,34.0,v3.2.1,22
ORD01136,조천읍,분식,흐림,N,4.2,13800,3,49.0,v3.2.1,13
ORD01137,제주시내,치킨,맑음,N,0.9,50500,5,66.0,v3.2.1,16
ORD01138,제주시내,한식,맑음,Y,2.9,16500,2,1.0,v3.2.1,26
ORD01139,구좌읍,치킨,흐림,Y,2.8,38900,3,1.0,v3.2.1,36
ORD01140,구좌읍,치킨,비,N,3.9,63200,7,11.0,v3.2.1,35
ORD01141,제주시내,카페디저트,비,N,0.8,28700,6,16.0,v3.2.1,13
ORD01142,제주시내,한식,맑음,N,3.7,21300,3,43.0,v3.2.1,25
ORD01143,제주시내,분식,맑음,N,3.5,20000,4,7.0,v3.2.1,24
ORD01144,조천읍,중식,비,N,9.9,30200,4,20.0,v3.2.1,50
ORD01145,조천읍,치킨,맑음,Y,2.6,46000,3,1.0,v3.2.1,31
ORD01146,제주시내,카페디저트,맑음,Y,4.6,11500,2,30.0,v3.2.1,20
ORD01147,조천읍,한식,비,N,2.4,14600,2,8.0,v3.2.1,20
ORD01148,조천읍,한식,맑음,N,2.8,14200,1,33.0,v3.2.1,12
ORD01149,제주시내,분식,맑음,N,1.0,20400,5,2.0,v3.2.1,8
ORD01150,한림읍,분식,맑음,N,3.9,16600,4,30.0,v3.2.1,18
ORD01151,조천읍,치킨,,N,3.3,31800,4,42.0,v3.2.1,21
ORD01152,애월읍,중식,맑음,Y,1.5,29200,4,,v3.2.1,29
ORD01153,구좌읍,한식,흐림,N,1.4,36800,6,5.0,v3.2.1,20
ORD01154,한림읍,분식,맑음,N,6.7,13100,2,8.0,v3.2.1,29
ORD01155,제주시내,치킨,맑음,N,2.3,40100,4,3.0,v3.2.1,24
ORD01156,애월읍,카페디저트,맑음,Y,4.2,15900,4,12.0,v3.2.1,23
ORD01157,조천읍,분식,흐림,Y,5.4,14000,4,14.0,v3.2.1,33
ORD01158,구좌읍,치킨,맑음,N,4.0,23200,2,18.0,v3.2.1,42
ORD01159,애월읍,치킨,비,Y,1.9,49500,4,24.0,v3.2.1,34
ORD01160,애월읍,카페디저트,맑음,N,4.3,8800,1,13.0,v3.2.1,22
ORD01161,제주시내,한식,비,Y,2.4,28100,4,23.0,v3.2.1,36
ORD01162,애월읍,중식,맑음,Y,3.5,42700,7,13.0,v3.2.1,33
ORD01163,제주시내,한식,비,N,7.8,24700,3,18.0,v3.2.1,47
ORD01164,제주시내,카페디저트,맑음,N,7.2,23800,8,20.0,v3.2.1,30
ORD01165,조천읍,분식,흐림,N,0.9,12900,3,20.0,v3.2.1,10
ORD01166,애월읍,분식,흐림,Y,6.0,16600,3,29.0,v3.2.1,28
ORD01167,애월읍,카페디저트,흐림,N,2.4,11000,2,7.0,v3.2.1,8
ORD01168,조천읍,중식,맑음,N,1.2,24800,3,7.0,v3.2.1,8
ORD01169,제주시내,한식,맑음,Y,1.7,20600,4,7.0,v3.2.1,29
ORD01170,구좌읍,분식,맑음,Y,4.9,13600,2,12.0,v3.2.1,21
ORD01171,구좌읍,치킨,흐림,N,14.7,33000,2,3.0,v3.2.1,68
ORD01172,구좌읍,중식,흐림,Y,2.6,12800,1,2.0,v3.2.1,30
ORD01173,애월읍,치킨,비,N,1.8,69500,7,4.0,v3.2.1,35
ORD01174,애월읍,한식,,N,3.0,11700,1,8.0,v3.2.1,20
ORD01175,제주시내,분식,맑음,N,5.3,14600,3,2.0,v3.2.1,34
ORD01176,제주시내,한식,흐림,N,4.3,19900,2,4.0,v3.2.1,30
ORD01177,제주시내,한식,흐림,N,6.5,29600,6,3.0,v3.2.1,41
ORD01178,조천읍,중식,맑음,Y,2.6,35900,4,53.0,v3.2.1,23
ORD01179,한림읍,치킨,맑음,Y,3.7,53200,5,3.0,v3.2.1,39
ORD01180,애월읍,중식,맑음,Y,2.8,25800,3,2.0,v3.2.1,27
ORD01181,조천읍,치킨,비,N,5.2,32700,4,14.0,v3.2.1,38
ORD01182,제주시내,치킨,,Y,6.3,34700,3,15.0,v3.2.1,38
ORD01183,제주시내,분식,맑음,Y,2.8,15300,4,26.0,v3.2.1,16
ORD01184,애월읍,분식,비,N,2.9,21600,5,14.0,v3.2.1,26
ORD01185,제주시내,치킨,,N,1.9,26800,2,12.0,v3.2.1,23
ORD01186,조천읍,카페디저트,흐림,N,2.7,22800,6,28.0,v3.2.1,15
ORD01187,애월읍,한식,맑음,N,2.0,14000,2,10.0,v3.2.1,8
ORD01188,조천읍,한식,맑음,N,6.4,20200,3,10.0,v3.2.1,20
ORD01189,제주시내,한식,비,N,3.7,33300,5,22.0,v3.2.1,29
ORD01190,구좌읍,한식,맑음,N,2.4,23700,4,,v3.2.1,22
ORD01191,제주시내,치킨,맑음,Y,2.5,29900,2,23.0,v3.2.1,31
ORD01192,한림읍,치킨,맑음,Y,4.2,39100,4,10.0,v3.2.1,32
ORD01193,제주시내,분식,맑음,Y,7.6,12600,2,4.0,v3.2.1,35
ORD01194,제주시내,분식,흐림,N,1.2,27000,6,1.0,v3.2.1,21
ORD01195,한림읍,치킨,맑음,N,1.4,46000,4,15.0,v3.2.1,17
ORD01196,한림읍,한식,흐림,N,3.4,35900,6,3.0,v3.2.1,33
ORD01197,제주시내,카페디저트,맑음,Y,2.5,16700,4,12.0,v3.2.1,9
ORD01198,한림읍,카페디저트,맑음,N,1.1,14400,3,24.0,v3.2.1,8
ORD01199,제주시내,중식,맑음,N,5.3,33100,4,1.0,v3.2.1,28
ORD01200,애월읍,한식,비,Y,4.3,17300,2,20.0,v3.2.1,35
ORD01201,제주시내,분식,비,Y,1.7,16200,4,5.0,v3.2.1,21
ORD01202,한림읍,분식,흐림,N,7.6,16200,3,18.0,v3.2.1,24
ORD01203,애월읍,한식,맑음,Y,3.0,12700,1,19.0,v3.2.1,23
ORD01204,제주시내,치킨,흐림,N,8.4,53500,4,3.0,v3.2.1,49
ORD01205,제주시내,중식,흐림,Y,3.1,32400,6,47.0,v3.2.1,19
ORD01206,조천읍,카페디저트,비,N,3.9,14300,3,10.0,v3.2.1,24
ORD01207,애월읍,중식,흐림,Y,12.6,17100,2,7.0,v3.2.1,63
ORD01208,한림읍,한식,흐림,Y,3.1,32300,5,20.0,v3.2.1,25
ORD01209,조천읍,중식,흐림,Y,3.5,37800,7,30.0,v3.2.1,36
ORD01210,제주시내,카페디저트,맑음,N,3.1,15000,3,14.0,v3.2.1,16
ORD01211,구좌읍,치킨,흐림,N,3.0,14000,1,5.0,v3.2.1,34
ORD01212,한림읍,카페디저트,맑음,N,6.0,12700,3,1.0,v3.2.1,23
ORD01213,제주시내,치킨,맑음,N,2.9,38000,4,16.0,v3.2.1,29
ORD01214,제주시내,카페디저트,맑음,N,3.5,12300,3,5.0,v3.2.1,21
ORD01215,애월읍,한식,흐림,N,5.7,13600,1,6.0,v3.2.1,32
ORD01216,조천읍,카페디저트,맑음,N,1.8,12200,3,31.0,v3.2.1,8
ORD01217,구좌읍,분식,맑음,N,3.0,12700,3,3.0,v3.2.1,12
ORD01218,조천읍,한식,흐림,N,7.7,26200,4,4.0,v3.2.1,38
ORD01219,구좌읍,한식,흐림,N,1.4,22600,3,12.0,v3.2.1,13
ORD01220,한림읍,중식,맑음,Y,0.7,42400,6,9.0,v3.2.1,23
ORD01221,제주시내,치킨,맑음,N,5.1,32900,3,23.0,v3.2.1,31
ORD01222,제주시내,한식,비,N,1.5,19300,2,3.0,v3.2.1,25
ORD01223,조천읍,분식,,Y,3.4,31800,7,6.0,v3.2.1,36
ORD01224,구좌읍,한식,맑음,N,2.8,17800,2,34.0,v3.2.1,15
ORD01225,제주시내,치킨,맑음,N,8.2,40500,3,20.0,v3.2.1,45
ORD01226,조천읍,치킨,흐림,N,4.0,21500,1,15.0,v3.2.1,30
ORD01227,애월읍,치킨,맑음,N,1.8,21600,2,1.0,v3.2.1,25
ORD01228,애월읍,중식,맑음,N,7.7,13700,1,10.0,v3.2.1,28
ORD01229,애월읍,중식,맑음,Y,2.2,35000,4,4.0,v3.2.1,24
ORD01230,조천읍,한식,맑음,Y,7.1,36200,5,4.0,v3.2.1,48
ORD01231,구좌읍,치킨,맑음,Y,8.6,33000,2,4.0,v3.2.1,51
ORD01232,한림읍,치킨,흐림,Y,2.0,35900,3,27.0,v3.2.1,29
ORD01233,한림읍,치킨,흐림,Y,4.4,49600,4,12.0,v3.2.1,43
ORD01234,한림읍,치킨,맑음,N,5.7,19400,1,61.0,v3.2.1,27
ORD01235,제주시내,한식,비,N,2.8,17500,2,3.0,v3.2.1,27
ORD01236,애월읍,한식,맑음,N,7.1,41600,6,23.0,v3.2.1,36
ORD01237,애월읍,한식,흐림,N,1.6,11700,1,12.0,v3.2.1,13
ORD01238,한림읍,카페디저트,맑음,N,6.0,19700,5,25.0,v3.2.1,23
ORD01239,제주시내,분식,맑음,Y,1.8,14200,3,10.0,v3.2.1,21
ORD01240,구좌읍,치킨,비,N,2.1,37100,2,26.0,v3.2.1,26
ORD01241,애월읍,분식,맑음,Y,5.3,10100,1,18.0,v3.2.1,23
ORD01242,제주시내,카페디저트,흐림,N,5.6,12300,2,2.0,v3.2.1,22
ORD01243,제주시내,한식,비,Y,1.6,31800,6,8.0,v3.2.1,33
ORD01244,한림읍,한식,맑음,N,3.9,37800,6,19.0,v3.2.1,23
ORD01245,조천읍,치킨,맑음,Y,12.0,33900,2,9.0,v3.2.1,58
ORD01246,한림읍,중식,비,N,4.0,24600,3,1.0,v3.2.1,35
ORD01247,구좌읍,카페디저트,비,Y,2.5,12700,3,1.0,v3.2.1,27
ORD01248,조천읍,중식,맑음,Y,8.2,19500,3,8.0,v3.2.1,38
ORD01249,제주시내,한식,맑음,N,1.8,22600,3,3.0,v3.2.1,19
ORD01250,애월읍,카페디저트,맑음,Y,4.7,16100,3,16.0,v3.2.1,302
ORD01251,제주시내,치킨,비,Y,4.0,20300,1,5.0,v3.2.1,45
ORD01252,한림읍,카페디저트,비,N,1.8,14300,4,35.0,v3.2.1,13
ORD01253,조천읍,한식,맑음,N,1.0,19100,2,3.0,v3.2.1,19
ORD01254,한림읍,한식,흐림,N,5.3,19500,2,18.0,v3.2.1,27
ORD01255,조천읍,카페디저트,맑음,Y,4.7,21600,5,3.0,v3.2.1,32
ORD01256,한림읍,중식,맑음,N,3.2,25200,3,41.0,v3.2.1,13
ORD01257,구좌읍,중식,흐림,Y,3.9,16300,2,19.0,v3.2.1,35
ORD01258,제주시내,치킨,흐림,N,2.6,68200,6,19.0,v3.2.1,32
ORD01259,구좌읍,분식,비,Y,7.1,16000,4,41.0,v3.2.1,42
ORD01260,애월읍,중식,맑음,Y,6.6,41600,6,15.0,v3.2.1,40
ORD01261,조천읍,치킨,맑음,Y,2.6,29300,2,9.0,v3.2.1,27
ORD01262,구좌읍,중식,흐림,N,8.1,25000,3,3.0,v3.2.1,37
ORD01263,제주시내,카페디저트,흐림,N,5.1,15200,4,13.0,v3.2.1,20
ORD01264,애월읍,카페디저트,흐림,N,1.9,11800,3,1.0,v3.2.1,17
ORD01265,조천읍,분식,비,N,3.4,23600,6,9.0,v3.2.1,20
ORD01266,제주시내,분식,맑음,Y,5.8,13300,3,16.0,v3.2.1,23
ORD01267,제주시내,한식,흐림,N,2.9,17400,2,4.0,v3.2.1,26
ORD01268,한림읍,한식,맑음,Y,7.5,26700,4,1.0,v3.2.1,41
ORD01269,제주시내,한식,맑음,N,3.7,27900,4,22.0,v3.2.1,10
ORD01270,애월읍,카페디저트,맑음,Y,2.8,12300,3,1.0,v3.2.1,28
ORD01271,제주시내,분식,흐림,Y,2.1,12500,2,1.0,v3.2.1,19
ORD01272,애월읍,분식,맑음,N,6.6,9300,1,19.0,v3.2.1,25
ORD01273,조천읍,분식,맑음,Y,0.9,8900,1,15.0,v3.2.1,9
ORD01274,조천읍,한식,맑음,N,3.7,21900,4,24.0,v3.2.1,26
ORD01275,한림읍,치킨,맑음,N,3.2,47900,5,26.0,v3.2.1,24
ORD01276,애월읍,분식,흐림,Y,6.5,13600,3,,v3.2.1,46
ORD01277,애월읍,한식,맑음,Y,2.9,24600,5,1.0,v3.2.1,31
ORD01278,애월읍,한식,흐림,Y,2.1,26800,4,1.0,v3.2.1,22
ORD01279,제주시내,치킨,맑음,N,1.3,47500,4,13.0,v3.2.1,25
ORD01280,제주시내,분식,비,Y,2.4,7800,1,30.0,v3.2.1,26
ORD01281,애월읍,분식,맑음,Y,3.6,18300,3,17.0,v3.2.1,14
ORD01282,한림읍,카페디저트,비,N,2.9,12700,3,33.0,v3.2.1,13
ORD01283,구좌읍,중식,맑음,N,5.2,39200,5,3.0,v3.2.1,41
ORD01284,조천읍,한식,흐림,N,3.2,10900,1,35.0,v3.2.1,20
ORD01285,애월읍,중식,맑음,N,3.9,31300,5,7.0,v3.2.1,34
ORD01286,애월읍,중식,맑음,N,4.9,22100,3,9.0,v3.2.1,30
ORD01287,제주시내,치킨,맑음,N,5.0,65900,7,43.0,v3.2.1,32
ORD01288,구좌읍,한식,맑음,Y,5.3,23000,3,23.0,v3.2.1,34
ORD01289,애월읍,한식,비,N,3.5,31800,4,15.0,v3.2.1,35
ORD01290,애월읍,분식,맑음,N,1.1,24400,6,7.0,v3.2.1,19
ORD01291,조천읍,치킨,맑음,N,7.2,26600,2,5.0,v3.2.1,41
ORD01292,애월읍,중식,흐림,Y,2.0,31700,4,8.0,v3.2.1,29
ORD01293,구좌읍,카페디저트,흐림,N,0.8,13300,3,24.0,v3.2.1,8
ORD01294,제주시내,치킨,흐림,N,2.8,38300,3,2.0,v3.2.1,27
ORD01295,구좌읍,중식,맑음,Y,1.4,18400,2,3.0,v3.2.1,29
ORD01296,제주시내,중식,비,Y,3.4,36700,6,12.0,v3.2.1,36
ORD01297,한림읍,분식,맑음,Y,2.1,14300,3,21.0,v3.2.1,18
ORD01298,제주시내,치킨,비,Y,3.1,46500,3,17.0,v3.2.1,48
ORD01299,제주시내,치킨,맑음,Y,2.3,20400,1,13.0,v3.2.1,22
ORD01300,제주시내,분식,흐림,N,2.5,22200,4,2.0,v3.2.1,27
ORD01301,한림읍,치킨,맑음,Y,1.9,27700,2,7.0,v3.2.1,20
ORD01302,조천읍,중식,비,N,0.9,25600,5,6.0,v3.2.1,23
ORD01303,제주시내,분식,맑음,N,5.5,18600,4,8.0,v3.2.1,29
ORD01304,제주시내,카페디저트,비,N,5.0,11300,2,12.0,v3.2.1,25
ORD01305,애월읍,치킨,흐림,Y,8.0,54600,5,15.0,v3.2.1,51
ORD01306,애월읍,카페디저트,비,Y,9.4,14200,3,5.0,v3.2.1,57
ORD01307,조천읍,중식,,N,4.5,29500,4,30.0,v3.2.1,24
ORD01308,제주시내,한식,흐림,N,4.0,29800,4,13.0,v3.2.1,33
ORD01309,한림읍,한식,흐림,N,3.2,16900,2,21.0,v3.2.1,17
ORD01310,애월읍,카페디저트,흐림,Y,3.3,15000,4,24.0,v3.2.1,18
ORD01311,한림읍,중식,흐림,N,3.4,24100,3,89.0,v3.2.1,21
ORD01312,제주시내,치킨,비,N,3.1,18600,1,31.0,v3.2.1,189
ORD01313,애월읍,중식,맑음,Y,2.9,19600,2,20.0,v3.2.1,31
ORD01314,제주시내,한식,맑음,Y,1.6,7500,1,13.0,v3.2.1,14
ORD01315,애월읍,치킨,비,N,2.6,30200,2,21.0,v3.2.1,28
ORD01316,조천읍,치킨,비,Y,0.9,58800,6,20.0,v3.2.1,36
ORD01317,제주시내,분식,흐림,N,2.7,14000,2,4.0,v3.2.1,16
ORD01318,제주시내,치킨,맑음,Y,7.2,35800,3,53.0,v3.2.1,46
ORD01319,구좌읍,한식,맑음,N,6.5,19200,3,9.0,v3.2.1,26
ORD01320,제주시내,카페디저트,흐림,Y,7.6,15900,4,20.0,v3.2.1,35
ORD01321,조천읍,한식,맑음,N,2.4,26900,4,21.0,v3.2.1,15
ORD01322,애월읍,치킨,맑음,Y,1.8,36800,4,9.0,v3.2.1,41
ORD01323,한림읍,분식,흐림,Y,1.9,15600,4,7.0,v3.2.1,26
ORD01324,제주시내,분식,흐림,N,1.3,12900,2,50.0,v3.2.1,234
ORD01325,제주시내,중식,맑음,N,7.6,20500,2,5.0,v3.2.1,38
ORD01326,제주시내,카페디저트,맑음,N,2.2,8900,1,13.0,v3.2.1,8
ORD01327,애월읍,카페디저트,,Y,7.1,9400,2,3.0,v3.2.1,39
ORD01328,구좌읍,치킨,흐림,Y,3.8,22600,1,6.0,v3.2.1,30
ORD01329,제주시내,치킨,비,Y,2.7,36800,3,1.0,v3.2.1,49
ORD01330,조천읍,치킨,맑음,Y,4.6,28400,2,31.0,v3.2.1,39
ORD01331,제주시내,분식,맑음,N,3.7,8500,1,13.0,v3.2.1,16
ORD01332,애월읍,카페디저트,흐림,N,3.6,17400,5,23.0,v3.2.1,17
ORD01333,애월읍,한식,흐림,N,5.3,14000,1,10.0,v3.2.1,30
ORD01334,애월읍,중식,맑음,N,1.7,12800,1,3.0,v3.2.1,19
ORD01335,한림읍,한식,맑음,N,4.3,28200,4,2.0,v3.2.1,24
ORD01336,제주시내,중식,맑음,N,4.2,23000,2,1.0,v3.2.1,25
ORD01337,제주시내,분식,흐림,N,4.0,18500,5,34.0,v3.2.1,24
ORD01338,애월읍,중식,비,Y,8.0,23500,3,12.0,v3.2.1,46
ORD01339,구좌읍,치킨,흐림,Y,2.0,43900,5,11.0,v3.2.1,29
ORD01340,조천읍,한식,맑음,N,2.9,21400,3,37.0,v3.2.1,13
ORD01341,한림읍,분식,맑음,Y,4.9,20800,4,3.0,v3.2.1,35
ORD01342,제주시내,카페디저트,흐림,Y,1.2,12700,3,2.0,v3.2.1,19
ORD01343,조천읍,한식,비,Y,2.7,16400,2,8.0,v3.2.1,34
ORD01344,제주시내,치킨,흐림,Y,6.5,59000,5,13.0,v3.2.1,46
ORD01345,구좌읍,분식,맑음,Y,0.9,11200,2,3.0,v3.2.1,15
ORD01346,애월읍,중식,흐림,N,3.5,28200,3,1.0,v3.2.1,31
ORD01347,구좌읍,한식,맑음,Y,1.4,15800,2,26.0,v3.2.1,15
ORD01348,조천읍,분식,맑음,N,3.3,11200,2,23.0,v3.2.1,8
ORD01349,구좌읍,분식,맑음,N,3.6,23500,5,4.0,v3.2.1,17
ORD01350,애월읍,중식,맑음,N,4.8,45800,5,25.0,v3.2.1,20
ORD01351,한림읍,중식,맑음,N,3.7,28000,4,14.0,v3.2.1,20
ORD01352,제주시내,중식,비,Y,6.6,34900,4,8.0,v3.2.1,48
ORD01353,제주시내,분식,비,Y,2.1,16800,4,35.0,v3.2.1,30
ORD01354,제주시내,치킨,맑음,Y,3.8,41100,4,27.0,v3.2.1,33
ORD01355,제주시내,치킨,흐림,N,5.3,50200,4,29.0,v3.2.1,29
ORD01356,구좌읍,분식,맑음,N,5.2,12200,2,9.0,v3.2.1,18
ORD01357,애월읍,카페디저트,비,Y,5.9,14600,4,21.0,v3.2.1,36
ORD01358,애월읍,카페디저트,맑음,Y,6.6,9800,2,,v3.2.1,25
ORD01359,제주시내,중식,맑음,Y,7.5,35400,5,14.0,v3.2.1,46
ORD01360,한림읍,한식,흐림,N,2.5,16300,2,2.0,v3.2.1,23
ORD01361,애월읍,카페디저트,맑음,Y,6.5,20600,5,17.0,v3.2.1,31
ORD01362,애월읍,중식,맑음,N,2.2,13900,1,6.0,v3.2.1,17
ORD01363,제주시내,치킨,맑음,Y,4.4,28000,2,22.0,v3.2.1,33
ORD01364,한림읍,중식,맑음,Y,4.1,16700,2,4.0,v3.2.1,30
ORD01365,애월읍,분식,맑음,N,2.7,8500,1,33.0,v3.2.1,9
ORD01366,제주시내,한식,맑음,N,2.6,13000,1,6.0,v3.2.1,26
ORD01367,제주시내,중식,흐림,N,5.7,32300,5,14.0,v3.2.1,30
ORD01368,제주시내,한식,비,N,2.2,26400,4,21.0,v3.2.1,24
ORD01369,제주시내,분식,맑음,Y,2.7,14300,3,11.0,v3.2.1,25
ORD01370,제주시내,한식,맑음,Y,5.1,24400,4,11.0,v3.2.1,31
ORD01371,애월읍,카페디저트,맑음,Y,4.6,18600,5,7.0,v3.2.1,24
ORD01372,제주시내,카페디저트,흐림,N,1.8,8800,1,15.0,v3.2.1,15
ORD01373,제주시내,치킨,맑음,Y,3.0,27700,2,4.0,v3.2.1,36
ORD01374,한림읍,치킨,비,N,5.8,28100,2,7.0,v3.2.1,274
ORD01375,제주시내,치킨,흐림,Y,4.4,50600,5,1.0,v3.2.1,47
ORD01376,제주시내,카페디저트,비,N,4.4,9400,2,3.0,v3.2.1,20
ORD01377,애월읍,분식,흐림,Y,1.3,22200,5,7.0,v3.2.1,22
ORD01378,애월읍,치킨,맑음,N,5.2,33700,3,5.0,v3.2.1,40
ORD01379,한림읍,중식,맑음,Y,2.5,22000,2,10.0,v3.2.1,32
ORD01380,제주시내,치킨,맑음,Y,2.5,40300,4,3.0,v3.2.1,34
ORD01381,제주시내,한식,맑음,N,2.7,30400,5,10.0,v3.2.1,10
ORD01382,한림읍,카페디저트,맑음,N,4.3,9900,2,6.0,v3.2.1,24
ORD01383,애월읍,한식,맑음,Y,2.5,25100,3,2.0,v3.2.1,23
ORD01384,제주시내,치킨,맑음,N,3.0,62600,6,20.0,v3.2.1,29
ORD01385,조천읍,분식,맑음,N,3.0,13000,3,16.0,v3.2.1,12
ORD01386,조천읍,한식,흐림,Y,4.6,24500,3,2.0,v3.2.1,29
ORD01387,구좌읍,한식,맑음,N,2.4,36900,5,6.0,v3.2.1,21
ORD01388,애월읍,한식,흐림,N,4.4,13700,1,24.0,v3.2.1,26
ORD01389,애월읍,카페디저트,비,N,4.9,9900,2,21.0,v3.2.1,24
ORD01390,제주시내,한식,흐림,Y,6.0,22600,4,58.0,v3.2.1,37
ORD01391,제주시내,분식,,N,3.1,12000,2,6.0,v3.2.1,18
ORD01392,조천읍,중식,맑음,N,4.0,23500,2,,v3.2.1,22
ORD01393,한림읍,중식,맑음,Y,1.9,29500,4,2.0,v3.2.1,26
ORD01394,구좌읍,치킨,흐림,N,7.7,45100,4,2.0,v3.2.1,43
ORD01395,한림읍,치킨,맑음,Y,4.7,58000,6,41.0,v3.2.1,31
ORD01396,애월읍,중식,비,N,1.3,34000,4,1.0,v3.2.1,25
ORD01397,조천읍,한식,흐림,N,3.1,19700,3,71.0,v3.2.1,15
ORD01398,애월읍,치킨,맑음,Y,4.5,38500,3,10.0,v3.2.1,32
ORD01399,제주시내,카페디저트,흐림,N,0.9,14300,4,23.0,v3.2.1,8
ORD01400,제주시내,중식,맑음,N,7.6,20200,2,6.0,v3.2.1,46
ORD01401,한림읍,카페디저트,비,N,5.5,9500,2,26.0,v3.2.1,19
ORD01402,제주시내,치킨,맑음,N,4.5,36800,3,4.0,v3.2.1,33
ORD01403,조천읍,카페디저트,비,Y,4.5,11800,2,37.0,v3.2.1,29
ORD01404,애월읍,치킨,맑음,Y,4.9,48800,4,2.0,v3.2.1,39
ORD01405,제주시내,카페디저트,흐림,Y,2.6,9800,2,3.0,v3.2.1,20
ORD01406,제주시내,한식,맑음,N,10.0,17100,3,6.0,v3.2.1,44
ORD01407,제주시내,카페디저트,맑음,Y,4.2,8600,2,24.0,v3.2.1,21
ORD01408,제주시내,분식,흐림,Y,1.9,20700,5,1.0,v3.2.1,22
ORD01409,구좌읍,중식,비,N,3.6,36900,5,2.0,v3.2.1,41
ORD01410,제주시내,분식,맑음,N,3.2,10100,2,4.0,v3.2.1,20
ORD01411,조천읍,중식,흐림,Y,3.3,29100,3,2.0,v3.2.1,29
ORD01412,제주시내,분식,비,N,1.6,20500,4,6.0,v3.2.1,23
ORD01413,한림읍,중식,흐림,N,4.1,32400,6,6.0,v3.2.1,32
ORD01414,한림읍,분식,흐림,N,4.4,15400,2,42.0,v3.2.1,16
ORD01415,조천읍,중식,흐림,N,3.3,22100,2,17.0,v3.2.1,18
ORD01416,제주시내,치킨,맑음,N,7.4,37700,4,12.0,v3.2.1,40
ORD01417,애월읍,카페디저트,맑음,N,1.3,6100,1,11.0,v3.2.1,8
ORD01418,애월읍,분식,맑음,Y,2.0,18600,4,10.0,v3.2.1,21
ORD01419,애월읍,카페디저트,맑음,Y,6.9,11800,3,3.0,v3.2.1,31
ORD01420,한림읍,카페디저트,맑음,Y,4.2,11400,2,25.0,v3.2.1,28
ORD01421,제주시내,중식,흐림,N,1.5,14200,1,15.0,v3.2.1,25
ORD01422,제주시내,중식,맑음,Y,3.5,19200,2,13.0,v3.2.1,33
ORD01423,구좌읍,치킨,흐림,Y,3.3,41700,4,17.0,v3.2.1,37
ORD01424,구좌읍,분식,맑음,Y,2.1,22600,5,12.0,v3.2.1,17
ORD01425,구좌읍,한식,흐림,N,3.9,26500,5,14.0,v3.2.1,33
ORD01426,구좌읍,분식,맑음,Y,1.7,16600,4,16.0,v3.2.1,14
ORD01427,제주시내,분식,흐림,N,4.4,22800,5,13.0,v3.2.1,18
ORD01428,애월읍,치킨,흐림,Y,4.7,48400,4,9.0,v3.2.1,44
ORD01429,제주시내,중식,맑음,N,3.5,24800,3,2.0,v3.2.1,16
ORD01430,제주시내,한식,맑음,N,3.2,11100,1,16.0,v3.2.1,21
ORD01431,애월읍,카페디저트,흐림,N,2.9,26100,6,8.0,v3.2.1,13
ORD01432,제주시내,치킨,맑음,Y,5.4,25600,2,5.0,v3.2.1,45
ORD01433,제주시내,치킨,맑음,N,4.3,31200,3,2.0,v3.2.1,37
ORD01434,제주시내,치킨,맑음,N,1.8,41100,4,12.0,v3.2.1,16
ORD01435,애월읍,치킨,맑음,Y,6.4,38600,4,3.0,v3.2.1,50
ORD01436,제주시내,치킨,맑음,N,5.9,40000,3,10.0,v3.2.1,41
ORD01437,구좌읍,한식,맑음,N,6.6,23100,4,16.0,v3.2.1,42
ORD01438,애월읍,중식,맑음,N,1.9,31000,5,10.0,v3.2.1,27
ORD01439,한림읍,한식,비,Y,3.2,38500,6,17.0,v3.2.1,34
ORD01440,구좌읍,카페디저트,비,N,6.6,14300,3,1.0,v3.2.1,38
ORD01441,제주시내,분식,,N,3.5,13900,2,1.0,v3.2.1,20
ORD01442,한림읍,치킨,맑음,Y,6.1,26600,2,27.0,v3.2.1,48
ORD01443,구좌읍,분식,맑음,Y,1.9,12900,4,39.0,v3.2.1,14
ORD01444,한림읍,카페디저트,맑음,N,2.8,7900,1,29.0,v3.2.1,16
ORD01445,제주시내,분식,비,N,1.7,12700,2,9.0,v3.2.1,15
ORD01446,조천읍,한식,맑음,Y,2.3,38100,6,7.0,v3.2.1,32
ORD01447,구좌읍,중식,맑음,N,2.3,34900,4,51.0,v3.2.1,22
ORD01448,구좌읍,한식,비,N,7.1,35300,5,7.0,v3.2.1,45
ORD01449,한림읍,중식,맑음,Y,4.8,27800,3,22.0,v3.2.1,28
ORD01450,한림읍,카페디저트,흐림,N,5.3,24000,6,22.0,v3.2.1,29
ORD01451,제주시내,치킨,비,N,2.5,57900,5,18.0,v3.2.1,26
ORD01452,애월읍,한식,맑음,Y,5.6,14200,1,4.0,v3.2.1,30
ORD01453,제주시내,분식,흐림,Y,2.3,27100,8,8.0,v3.2.1,26
ORD01454,애월읍,치킨,맑음,Y,8.2,59300,6,19.0,v3.2.1,54
ORD01455,제주시내,한식,흐림,N,2.0,17600,2,6.0,v3.2.1,20
ORD01456,조천읍,카페디저트,맑음,N,0.8,19500,4,11.0,v3.2.1,8
ORD01457,구좌읍,한식,맑음,N,1.7,24700,4,10.0,v3.2.1,26
ORD01458,애월읍,분식,흐림,N,1.8,20100,5,2.0,v3.2.1,22
ORD01459,조천읍,치킨,맑음,N,2.4,17800,1,20.0,v3.2.1,28
ORD01460,제주시내,중식,맑음,N,2.1,21700,3,4.0,v3.2.1,26
ORD01461,한림읍,한식,흐림,N,2.1,30000,5,21.0,v3.2.1,16
ORD01462,구좌읍,분식,맑음,N,4.0,20400,4,,v3.2.1,24
ORD01463,제주시내,중식,비,N,1.8,25500,3,10.0,v3.2.1,34
ORD01464,제주시내,치킨,맑음,N,2.2,31900,4,16.0,v3.2.1,12
ORD01465,한림읍,분식,맑음,N,5.1,26100,6,19.0,v3.2.1,24
ORD01466,조천읍,한식,흐림,Y,10.7,16300,2,3.0,v3.2.1,59
ORD01467,조천읍,분식,비,N,5.3,14300,3,14.0,v3.2.1,31
ORD01468,조천읍,치킨,비,Y,3.6,40200,4,13.0,v3.2.1,51
ORD01469,애월읍,카페디저트,맑음,N,5.7,11400,2,43.0,v3.2.1,14
ORD01470,구좌읍,중식,흐림,Y,2.1,22200,2,,v3.2.1,26
ORD01471,조천읍,한식,흐림,N,1.3,17900,2,17.0,v3.2.1,11
ORD01472,구좌읍,한식,흐림,N,2.4,19200,3,7.0,v3.2.1,17
ORD01473,제주시내,치킨,흐림,N,3.7,30900,2,8.0,v3.2.1,33
ORD01474,제주시내,카페디저트,맑음,N,4.0,14100,3,5.0,v3.2.1,18
ORD01475,제주시내,한식,맑음,Y,1.4,34100,7,21.0,v3.2.1,21
ORD01476,제주시내,한식,맑음,N,2.3,25100,4,1.0,v3.2.1,23
ORD01477,한림읍,중식,맑음,Y,3.7,27500,3,15.0,v3.2.1,25
ORD01478,조천읍,중식,맑음,N,12.6,24100,3,3.0,v3.2.1,60
ORD01479,제주시내,한식,맑음,Y,4.5,28900,4,14.0,v3.2.1,23
ORD01480,제주시내,카페디저트,비,Y,5.1,11500,2,17.0,v3.2.1,22
ORD01481,구좌읍,분식,,Y,2.7,13500,2,4.0,v3.2.1,25
ORD01482,구좌읍,한식,맑음,Y,15.0,18000,2,9.0,v3.2.1,63
ORD01483,한림읍,분식,비,Y,4.0,26300,6,57.0,v3.2.1,32
ORD01484,제주시내,치킨,맑음,N,6.5,29400,2,17.0,v3.2.1,34
ORD01485,구좌읍,치킨,비,N,3.5,26500,3,5.0,v3.2.1,37
ORD01486,조천읍,중식,맑음,Y,4.0,13300,1,32.0,v3.2.1,23
ORD01487,한림읍,한식,흐림,N,2.2,17000,2,12.0,v3.2.1,21
ORD01488,구좌읍,분식,맑음,Y,7.4,13900,3,1.0,v3.2.1,33
ORD01489,구좌읍,중식,맑음,N,4.7,21100,2,14.0,v3.2.1,30
ORD01490,한림읍,치킨,비,N,11.7,28500,2,13.0,v3.2.1,62
ORD01491,애월읍,치킨,흐림,N,5.0,27400,2,4.0,v3.2.1,33
ORD01492,제주시내,치킨,흐림,Y,5.5,36900,3,11.0,v3.2.1,49
ORD01493,제주시내,치킨,비,N,1.3,26700,2,22.0,v3.2.1,25
ORD01494,조천읍,카페디저트,맑음,N,2.4,13700,3,21.0,v3.2.1,18
ORD01495,한림읍,치킨,맑음,Y,11.4,49000,6,16.0,v3.2.1,53
ORD01496,제주시내,한식,맑음,Y,2.0,13800,3,18.0,v3.2.1,25
ORD01497,조천읍,중식,흐림,N,9.0,37900,7,4.0,v3.2.1,40
ORD01498,한림읍,치킨,비,Y,2.9,41900,3,21.0,v3.2.1,40
ORD01499,애월읍,치킨,맑음,N,9.6,17400,1,40.0,v3.2.1,43
ORD01500,애월읍,치킨,비,N,2.5,41500,4,25.0,v3.2.1,35
ORD01501,애월읍,치킨,맑음,N,1.2,30300,2,3.0,v3.2.1,15
ORD01502,제주시내,분식,비,N,8.7,6300,1,17.0,v3.2.1,30
ORD01503,구좌읍,치킨,맑음,Y,2.1,43200,4,6.0,v3.2.1,29
ORD01504,제주시내,카페디저트,맑음,N,2.4,19700,4,9.0,v3.2.1,17
ORD01505,한림읍,한식,맑음,Y,5.2,27100,5,1.0,v3.2.1,38
ORD01506,구좌읍,카페디저트,흐림,N,3.3,9400,1,13.0,v3.2.1,22
ORD01507,제주시내,카페디저트,맑음,Y,5.5,10100,2,4.0,v3.2.1,28
ORD01508,제주시내,치킨,맑음,N,4.4,36800,3,10.0,v3.2.1,38
ORD01509,조천읍,중식,비,N,1.6,35000,5,5.0,v3.2.1,31
ORD01510,제주시내,치킨,흐림,Y,6.1,58600,6,34.0,v3.2.1,42
ORD01511,조천읍,분식,흐림,N,4.6,12200,2,4.0,v3.2.1,25
ORD01512,조천읍,카페디저트,비,N,1.5,15700,4,22.0,v3.2.1,19
ORD01513,제주시내,카페디저트,흐림,N,2.9,15100,3,8.0,v3.2.1,19
ORD01514,조천읍,중식,맑음,N,4.2,24500,3,3.0,v3.2.1,28
ORD01515,제주시내,중식,맑음,Y,2.0,22100,3,14.0,v3.2.1,19
ORD01516,한림읍,중식,흐림,N,3.0,19600,2,32.0,v3.2.1,24
ORD01517,구좌읍,한식,맑음,N,4.2,18000,2,35.0,v3.2.1,17
ORD01518,애월읍,중식,맑음,N,2.0,54900,8,12.0,v3.2.1,18
ORD01519,한림읍,중식,비,N,6.0,29600,4,13.0,v3.2.1,42
ORD01520,애월읍,치킨,맑음,Y,1.3,40500,6,7.0,v3.2.1,26
ORD01521,한림읍,한식,맑음,N,4.1,12700,1,33.0,v3.2.1,21
ORD01522,구좌읍,치킨,맑음,N,1.7,34600,3,7.0,v3.2.1,22
ORD01523,구좌읍,중식,맑음,N,1.7,23200,2,,v3.2.1,15
ORD01524,애월읍,분식,맑음,Y,1.6,19100,4,9.0,v3.2.1,13
ORD01525,제주시내,중식,맑음,N,4.3,19400,2,7.0,v3.2.1,21
ORD01526,제주시내,분식,흐림,N,6.9,26000,5,11.0,v3.2.1,31
ORD01527,제주시내,한식,맑음,Y,3.8,28500,5,5.0,v3.2.1,30
ORD01528,조천읍,중식,흐림,Y,2.1,25200,3,2.0,v3.2.1,25
ORD01529,제주시내,분식,맑음,N,4.3,18000,4,4.0,v3.2.1,18
ORD01530,제주시내,카페디저트,흐림,N,4.6,8900,2,15.0,v3.2.1,21
ORD01531,구좌읍,분식,비,N,5.6,17900,4,33.0,v3.2.1,29
ORD01532,한림읍,카페디저트,흐림,Y,2.2,12700,3,4.0,v3.2.1,16
ORD01533,조천읍,치킨,흐림,N,9.4,62100,6,11.0,v3.2.1,49
ORD01534,제주시내,한식,맑음,N,6.0,13600,1,34.0,v3.2.1,14
ORD01535,애월읍,한식,흐림,Y,4.8,24200,3,3.0,v3.2.1,40
ORD01536,제주시내,중식,맑음,N,4.2,23600,3,29.0,v3.2.1,23
ORD01537,애월읍,분식,맑음,Y,4.4,9900,2,22.0,v3.2.1,25
ORD01538,애월읍,한식,맑음,N,5.4,18200,4,12.0,v3.2.1,37
ORD01539,한림읍,카페디저트,맑음,Y,5.3,12500,3,18.0,v3.2.1,26
ORD01540,제주시내,치킨,흐림,Y,4.8,29700,2,13.0,v3.2.1,43
ORD01541,애월읍,한식,맑음,N,5.7,33500,6,5.0,v3.2.1,27
ORD01542,구좌읍,중식,맑음,N,2.5,17500,3,9.0,v3.2.1,18
ORD01543,구좌읍,카페디저트,맑음,N,2.9,15000,3,5.0,v3.2.1,14
ORD01544,애월읍,중식,비,Y,4.5,34800,4,27.0,v3.2.1,45
ORD01545,애월읍,한식,흐림,N,4.2,22800,3,12.0,v3.2.1,30
ORD01546,조천읍,카페디저트,맑음,Y,7.9,7300,1,9.0,v3.2.1,36
ORD01547,조천읍,분식,맑음,Y,9.2,22100,5,10.0,v3.2.1,45
ORD01548,한림읍,분식,흐림,Y,3.2,22300,5,20.0,v3.2.1,20
ORD01549,조천읍,중식,비,N,8.5,52400,7,1.0,v3.2.1,54
ORD01550,제주시내,치킨,비,Y,3.4,45100,4,1.0,v3.2.1,367
ORD01551,구좌읍,분식,맑음,N,5.2,12400,3,27.0,v3.2.1,17
ORD01552,조천읍,중식,흐림,N,3.2,32800,4,34.0,v3.2.1,27
ORD01553,제주시내,중식,,Y,4.5,38900,6,13.0,v3.2.1,30
ORD01554,제주시내,중식,맑음,Y,1.0,19800,3,13.0,v3.2.1,21
ORD01555,제주시내,한식,맑음,N,1.1,19000,3,34.0,v3.2.1,8
ORD01556,조천읍,치킨,맑음,N,0.9,31000,2,3.0,v3.2.1,19
ORD01557,제주시내,치킨,흐림,Y,6.0,29400,3,3.0,v3.2.1,48
ORD01558,제주시내,치킨,,N,1.2,56400,6,1.0,v3.2.1,23
ORD01559,구좌읍,카페디저트,흐림,Y,2.9,12800,3,15.0,v3.2.1,21
ORD01560,조천읍,분식,맑음,Y,1.6,11200,2,19.0,v3.2.1,13
ORD01561,구좌읍,한식,흐림,N,3.8,17100,2,9.0,v3.2.1,28
ORD01562,조천읍,분식,흐림,Y,4.4,14800,3,13.0,v3.2.1,33
ORD01563,구좌읍,한식,맑음,N,7.3,19300,2,12.0,v3.2.1,34
ORD01564,애월읍,카페디저트,비,N,5.2,21000,6,6.0,v3.2.1,37
ORD01565,제주시내,분식,맑음,N,4.1,11300,2,9.0,v3.2.1,22
ORD01566,제주시내,한식,맑음,Y,8.1,23600,3,10.0,v3.2.1,41
ORD01567,제주시내,카페디저트,맑음,Y,2.5,10500,2,9.0,v3.2.1,18
ORD01568,제주시내,분식,비,N,5.3,20500,4,54.0,v3.2.1,33
ORD01569,애월읍,중식,맑음,N,3.9,20200,1,31.0,v3.2.1,15
ORD01570,한림읍,한식,맑음,N,1.9,28800,4,69.0,v3.2.1,8
ORD01571,제주시내,한식,맑음,Y,2.5,20200,4,3.0,v3.2.1,280
ORD01572,애월읍,치킨,맑음,Y,7.5,22800,1,25.0,v3.2.1,41
ORD01573,제주시내,분식,흐림,Y,2.7,22800,6,17.0,v3.2.1,25
ORD01574,조천읍,치킨,맑음,N,2.7,35700,3,8.0,v3.2.1,23
ORD01575,제주시내,한식,흐림,Y,2.8,23400,5,12.0,v3.2.1,31
ORD01576,제주시내,중식,맑음,N,1.8,22000,2,13.0,v3.2.1,14
ORD01577,조천읍,카페디저트,맑음,Y,7.9,13500,3,12.0,v3.2.1,36
ORD01578,제주시내,치킨,비,N,2.7,46500,4,16.0,v3.2.1,35
ORD01579,한림읍,치킨,맑음,Y,4.9,35000,3,4.0,v3.2.1,39
ORD01580,구좌읍,한식,맑음,Y,6.8,20100,3,7.0,v3.2.1,37
ORD01581,애월읍,카페디저트,흐림,N,3.7,28400,7,2.0,v3.2.1,22
ORD01582,애월읍,분식,흐림,N,1.1,8000,2,23.0,v3.2.1,16
ORD01583,제주시내,치킨,맑음,Y,4.7,44000,3,3.0,v3.2.1,37
ORD01584,애월읍,분식,맑음,Y,11.2,16300,3,38.0,v3.2.1,44
ORD01585,한림읍,치킨,맑음,Y,2.6,41000,3,13.0,v3.2.1,33
ORD01586,애월읍,한식,흐림,Y,3.6,39500,5,16.0,v3.2.1,33
ORD01587,제주시내,카페디저트,흐림,N,1.8,10400,2,2.0,v3.2.1,15
ORD01588,애월읍,중식,맑음,N,1.4,14400,1,16.0,v3.2.1,22
ORD01589,구좌읍,한식,흐림,Y,2.9,30700,5,15.0,v3.2.1,34
ORD01590,한림읍,중식,맑음,N,1.9,15500,1,35.0,v3.2.1,13
ORD01591,제주시내,중식,맑음,Y,4.5,28200,3,8.0,v3.2.1,34
ORD01592,제주시내,치킨,비,Y,3.4,31800,2,1.0,v3.2.1,46
ORD01593,조천읍,치킨,비,Y,8.8,65400,7,51.0,v3.2.1,60
ORD01594,구좌읍,치킨,맑음,N,3.1,42000,4,17.0,v3.2.1,23
ORD01595,제주시내,치킨,맑음,N,3.4,50000,5,9.0,v3.2.1,30
ORD01596,한림읍,카페디저트,맑음,Y,4.7,10500,2,17.0,v3.2.1,30
ORD01597,애월읍,카페디저트,흐림,N,7.5,15000,3,12.0,v3.2.1,37
ORD01598,한림읍,치킨,흐림,N,4.3,29200,3,3.0,v3.2.1,31
ORD01599,한림읍,치킨,맑음,Y,2.4,28200,3,35.0,v3.2.1,29
ORD01600,제주시내,카페디저트,비,N,2.5,11300,2,7.0,v3.2.1,18
ORD01601,한림읍,카페디저트,맑음,Y,7.6,25700,8,4.0,v3.2.1,43
ORD01602,제주시내,중식,비,Y,2.2,29700,4,,v3.2.1,36
ORD01603,구좌읍,치킨,흐림,Y,1.6,56900,5,1.0,v3.2.1,34
ORD01604,제주시내,한식,흐림,N,6.9,17200,3,5.0,v3.2.1,38
ORD01605,제주시내,치킨,맑음,Y,5.6,40900,3,13.0,v3.2.1,47
ORD01606,제주시내,한식,맑음,N,2.4,15600,3,4.0,v3.2.1,8
ORD01607,조천읍,카페디저트,흐림,Y,5.9,7800,1,1.0,v3.2.1,23
ORD01608,애월읍,치킨,맑음,Y,2.9,20100,1,1.0,v3.2.1,37
ORD01609,제주시내,한식,흐림,N,3.3,22300,3,6.0,v3.2.1,24
ORD01610,한림읍,카페디저트,흐림,N,3.0,17700,5,11.0,v3.2.1,15
ORD01611,애월읍,한식,흐림,N,6.0,21800,4,26.0,v3.2.1,25
ORD01612,제주시내,중식,맑음,N,3.6,21800,2,1.0,v3.2.1,25
ORD01613,제주시내,치킨,맑음,Y,1.6,27100,2,1.0,v3.2.1,26
ORD01614,애월읍,한식,흐림,N,5.2,27100,4,3.0,v3.2.1,38
ORD01615,애월읍,분식,비,N,1.7,22500,5,7.0,v3.2.1,17
ORD01616,제주시내,분식,맑음,N,4.1,21700,5,16.0,v3.2.1,18
ORD01617,한림읍,분식,비,Y,6.0,8000,1,2.0,v3.2.1,39
ORD01618,애월읍,치킨,맑음,N,1.2,30400,2,14.0,v3.2.1,19
ORD01619,구좌읍,한식,맑음,Y,9.6,25400,3,1.0,v3.2.1,48
ORD01620,애월읍,중식,,N,2.3,19900,2,10.0,v3.2.1,19
ORD01621,애월읍,분식,맑음,N,4.7,13600,2,1.0,v3.2.1,25
ORD01622,애월읍,카페디저트,비,N,5.8,29200,8,17.0,v3.2.1,22
ORD01623,제주시내,분식,흐림,Y,3.9,8500,2,1.0,v3.2.1,34
ORD01624,제주시내,한식,맑음,N,1.2,17100,2,17.0,v3.2.1,16
ORD01625,제주시내,치킨,맑음,N,1.8,41000,3,24.0,v3.2.1,20
ORD01626,조천읍,한식,맑음,N,4.6,17300,2,46.0,v3.2.1,19
ORD01627,조천읍,치킨,비,N,2.4,30700,3,7.0,v3.2.1,33
ORD01628,제주시내,중식,맑음,N,2.9,44100,6,5.0,v3.2.1,29
ORD01629,제주시내,카페디저트,흐림,Y,7.5,11900,2,7.0,v3.2.1,33
ORD01630,제주시내,치킨,흐림,Y,6.0,43400,4,18.0,v3.2.1,48
ORD01631,제주시내,중식,비,Y,7.5,12700,1,10.0,v3.2.1,52
ORD01632,제주시내,카페디저트,맑음,N,4.3,10600,2,13.0,v3.2.1,18
ORD01633,구좌읍,치킨,맑음,Y,2.9,19400,1,13.0,v3.2.1,37
ORD01634,제주시내,한식,흐림,N,2.6,28600,6,3.0,v3.2.1,25
ORD01635,구좌읍,치킨,비,N,2.1,43000,4,2.0,v3.2.1,35
ORD01636,조천읍,분식,맑음,N,3.2,16000,4,12.0,v3.2.1,17
ORD01637,제주시내,중식,맑음,N,1.3,15000,2,19.0,v3.2.1,11
ORD01638,구좌읍,분식,맑음,N,5.6,19400,5,12.0,v3.2.1,19
ORD01639,조천읍,한식,흐림,N,3.5,24200,3,3.0,v3.2.1,29
ORD01640,제주시내,중식,맑음,N,4.4,22400,3,6.0,v3.2.1,27
ORD01641,제주시내,치킨,흐림,Y,3.9,22500,1,9.0,v3.2.1,39
ORD01642,제주시내,중식,,N,2.8,28700,4,3.0,v3.2.1,21
ORD01643,제주시내,치킨,맑음,N,1.1,33200,2,2.0,v3.2.1,14
ORD01644,제주시내,중식,맑음,Y,1.8,23100,2,11.0,v3.2.1,21
ORD01645,제주시내,카페디저트,비,Y,4.9,17400,4,9.0,v3.2.1,39
ORD01646,조천읍,한식,맑음,N,3.5,25400,3,5.0,v3.2.1,25
ORD01647,한림읍,분식,맑음,Y,8.5,9100,1,3.0,v3.2.1,39
ORD01648,조천읍,중식,맑음,N,1.4,31500,4,12.0,v3.2.1,21
ORD01649,한림읍,한식,맑음,Y,7.2,13500,1,10.0,v3.2.1,36
ORD01650,제주시내,카페디저트,맑음,Y,2.6,16600,4,14.0,v3.2.1,19
ORD01651,조천읍,치킨,흐림,Y,2.8,53300,5,66.0,v3.2.1,32
ORD01652,제주시내,카페디저트,맑음,N,2.5,13900,3,15.0,v3.2.1,13
ORD01653,제주시내,치킨,맑음,N,2.6,22100,1,12.0,v3.2.1,14
ORD01654,제주시내,분식,흐림,N,2.9,15500,4,19.0,v3.2.1,12
ORD01655,애월읍,카페디저트,흐림,Y,0.9,11600,2,,v3.2.1,17
ORD01656,애월읍,중식,맑음,N,1.5,41400,5,,v3.2.1,23
ORD01657,한림읍,중식,맑음,Y,3.4,28600,3,2.0,v3.2.1,31
ORD01658,제주시내,치킨,맑음,N,4.2,63500,6,1.0,v3.2.1,32
ORD01659,애월읍,카페디저트,흐림,N,4.1,18500,4,22.0,v3.2.1,24
ORD01660,제주시내,카페디저트,흐림,Y,6.5,10700,2,1.0,v3.2.1,40
ORD01661,제주시내,한식,맑음,N,2.3,31000,4,12.0,v3.2.1,15
ORD01662,애월읍,한식,흐림,N,5.6,17800,2,14.0,v3.2.1,22
ORD01663,제주시내,치킨,흐림,N,7.1,40200,3,1.0,v3.2.1,39
ORD01664,한림읍,한식,흐림,N,5.4,33800,5,12.0,v3.2.1,29
ORD01665,구좌읍,한식,,N,3.2,32900,5,9.0,v3.2.1,24
ORD01666,구좌읍,한식,맑음,Y,2.3,18800,2,26.0,v3.2.1,25
ORD01667,애월읍,카페디저트,흐림,N,3.1,9300,2,1.0,v3.2.1,26
ORD01668,제주시내,한식,흐림,N,2.3,21000,2,53.0,v3.2.1,11
ORD01669,제주시내,분식,비,N,3.1,7600,1,15.0,v3.2.1,13
ORD01670,제주시내,카페디저트,맑음,N,4.4,7300,1,5.0,v3.2.1,13
ORD01671,제주시내,치킨,맑음,Y,2.1,39900,3,1.0,v3.2.1,34
ORD01672,한림읍,카페디저트,맑음,N,1.3,17300,5,27.0,v3.2.1,11
ORD01673,제주시내,한식,맑음,N,3.0,16900,2,32.0,v3.2.1,16
ORD01674,구좌읍,분식,비,Y,2.9,11000,2,14.0,v3.2.1,28
ORD01675,조천읍,카페디저트,맑음,Y,8.2,10700,2,32.0,v3.2.1,32
ORD01676,제주시내,분식,비,N,2.8,8400,1,1.0,v3.2.1,23
ORD01677,애월읍,한식,맑음,N,2.0,20100,3,3.0,v3.2.1,12
ORD01678,조천읍,치킨,흐림,N,2.4,46200,5,7.0,v3.2.1,25
ORD01679,애월읍,한식,흐림,Y,3.6,26100,3,2.0,v3.2.1,34
ORD01680,애월읍,치킨,맑음,Y,6.0,63000,7,13.0,v3.2.1,34
ORD01681,애월읍,한식,맑음,N,3.7,18700,2,4.0,v3.2.1,22
ORD01682,제주시내,카페디저트,맑음,N,3.3,18000,4,14.0,v3.2.1,8
ORD01683,한림읍,한식,맑음,Y,3.4,26700,4,10.0,v3.2.1,25
ORD01684,애월읍,분식,비,N,2.4,12500,2,5.0,v3.2.1,27
ORD01685,한림읍,치킨,맑음,N,7.4,48600,5,15.0,v3.2.1,42
ORD01686,제주시내,카페디저트,맑음,Y,4.6,11800,2,19.0,v3.2.1,18
ORD01687,한림읍,한식,맑음,Y,1.6,24900,3,2.0,v3.2.1,26
ORD01688,조천읍,중식,흐림,N,4.2,23700,3,1.0,v3.2.1,27
ORD01689,제주시내,카페디저트,흐림,N,2.9,14500,4,24.0,v3.2.1,16
ORD01690,제주시내,한식,,Y,1.1,18600,2,1.0,v3.2.1,25
ORD01691,한림읍,중식,맑음,N,5.3,21100,2,2.0,v3.2.1,34
ORD01692,구좌읍,분식,맑음,N,2.4,8800,1,15.0,v3.2.1,17
ORD01693,한림읍,치킨,맑음,N,5.1,28000,3,19.0,v3.2.1,29
ORD01694,제주시내,한식,비,N,10.9,12500,1,10.0,v3.2.1,46
ORD01695,조천읍,중식,흐림,Y,7.9,25500,4,9.0,v3.2.1,44
ORD01696,조천읍,분식,맑음,N,2.9,15700,3,1.0,v3.2.1,22
ORD01697,애월읍,중식,맑음,N,1.3,21400,2,8.0,v3.2.1,14
ORD01698,제주시내,한식,흐림,Y,2.0,28500,5,6.0,v3.2.1,29
ORD01699,조천읍,치킨,흐림,N,3.0,49300,4,7.0,v3.2.1,26
ORD01700,구좌읍,한식,맑음,Y,2.0,17600,2,11.0,v3.2.1,23
ORD01701,제주시내,한식,흐림,Y,3.2,29100,5,23.0,v3.2.1,26
ORD01702,제주시내,카페디저트,흐림,Y,4.8,13800,3,21.0,v3.2.1,25
ORD01703,제주시내,한식,흐림,N,3.2,23500,3,9.0,v3.2.1,15
ORD01704,한림읍,카페디저트,맑음,N,3.3,12100,3,16.0,v3.2.1,13
ORD01705,조천읍,한식,맑음,Y,1.6,26600,4,9.0,v3.2.1,20
ORD01706,조천읍,한식,맑음,N,6.0,14000,2,4.0,v3.2.1,34
ORD01707,애월읍,치킨,맑음,N,2.7,50300,6,3.0,v3.2.1,32
ORD01708,구좌읍,한식,,N,9.2,26300,5,22.0,v3.2.1,40
ORD01709,제주시내,분식,흐림,N,4.4,17900,4,4.0,v3.2.1,25
ORD01710,제주시내,카페디저트,맑음,Y,2.6,24500,7,1.0,v3.2.1,31
ORD01711,구좌읍,치킨,맑음,Y,3.3,59600,6,13.0,v3.2.1,26
ORD01712,구좌읍,분식,맑음,N,1.3,15100,4,34.0,v3.2.1,8
ORD01713,조천읍,한식,흐림,Y,1.8,22300,3,12.0,v3.2.1,19
ORD01714,애월읍,분식,흐림,Y,8.7,21700,5,9.0,v3.2.1,40
ORD01715,제주시내,분식,맑음,N,11.1,18200,4,2.0,v3.2.1,35
ORD01716,조천읍,한식,맑음,Y,4.6,27500,4,35.0,v3.2.1,32
ORD01717,제주시내,카페디저트,맑음,Y,1.3,11200,3,12.0,v3.2.1,19
ORD01718,제주시내,한식,비,Y,1.0,14700,2,21.0,v3.2.1,27
ORD01719,제주시내,한식,맑음,N,4.9,21700,3,16.0,v3.2.1,20
ORD01720,구좌읍,한식,맑음,N,5.1,31800,4,6.0,v3.2.1,33
ORD01721,제주시내,한식,흐림,Y,3.6,19800,3,53.0,v3.2.1,28
ORD01722,구좌읍,한식,맑음,Y,2.6,27800,4,29.0,v3.2.1,26
ORD01723,조천읍,분식,흐림,N,3.0,10700,2,,v3.2.1,18
ORD01724,한림읍,중식,맑음,N,3.0,20000,2,1.0,v3.2.1,23
ORD01725,제주시내,한식,맑음,N,5.6,23300,3,2.0,v3.2.1,28
ORD01726,구좌읍,중식,맑음,Y,10.2,36700,4,9.0,v3.2.1,56
ORD01727,제주시내,카페디저트,맑음,N,10.2,22100,5,32.0,v3.2.1,31
ORD01728,한림읍,분식,맑음,N,2.6,11100,2,9.0,v3.2.1,10
ORD01729,애월읍,한식,비,N,3.7,22000,3,1.0,v3.2.1,29
ORD01730,제주시내,카페디저트,비,Y,1.0,24200,8,3.0,v3.2.1,34
ORD01731,한림읍,중식,흐림,Y,15.0,22800,3,6.0,v3.2.1,70
ORD01732,조천읍,중식,맑음,N,2.4,24600,3,17.0,v3.2.1,23
ORD01733,한림읍,분식,맑음,N,5.8,20300,5,8.0,v3.2.1,23
ORD01734,조천읍,중식,맑음,Y,4.6,23600,3,1.0,v3.2.1,39
ORD01735,제주시내,카페디저트,맑음,N,8.6,16000,4,9.0,v3.2.1,30
ORD01736,제주시내,치킨,흐림,N,2.7,43900,4,6.0,v3.2.1,29
ORD01737,제주시내,치킨,맑음,Y,13.7,36900,3,1.0,v3.2.1,64
ORD01738,조천읍,카페디저트,비,N,7.4,11200,2,9.0,v3.2.1,34
ORD01739,한림읍,한식,맑음,N,5.7,30200,5,11.0,v3.2.1,34
ORD01740,한림읍,치킨,맑음,Y,3.5,40700,5,6.0,v3.2.1,45
ORD01741,제주시내,카페디저트,맑음,N,6.3,14300,3,40.0,v3.2.1,27
ORD01742,제주시내,한식,비,N,2.0,21100,4,9.0,v3.2.1,30
ORD01743,제주시내,카페디저트,맑음,Y,9.6,6100,1,4.0,v3.2.1,39
ORD01744,구좌읍,치킨,비,Y,2.8,28800,2,6.0,v3.2.1,45
ORD01745,조천읍,중식,비,N,3.4,26700,3,28.0,v3.2.1,203
ORD01746,제주시내,치킨,비,Y,1.4,21400,1,46.0,v3.2.1,36
ORD01747,한림읍,한식,맑음,Y,3.8,22000,3,36.0,v3.2.1,28
ORD01748,제주시내,중식,흐림,Y,1.6,31300,4,1.0,v3.2.1,25
ORD01749,조천읍,중식,흐림,N,9.1,15500,1,42.0,v3.2.1,41
ORD01750,제주시내,카페디저트,비,N,5.3,15100,4,6.0,v3.2.1,34
ORD01751,조천읍,분식,비,N,6.6,11600,2,3.0,v3.2.1,33
ORD01752,제주시내,한식,흐림,N,2.7,16600,2,10.0,v3.2.1,18
ORD01753,제주시내,한식,맑음,Y,2.4,26500,4,11.0,v3.2.1,23
ORD01754,애월읍,카페디저트,맑음,N,1.9,12700,3,13.0,v3.2.1,9
ORD01755,구좌읍,치킨,비,Y,2.9,37700,3,58.0,v3.2.1,34
ORD01756,제주시내,중식,맑음,Y,12.9,28300,3,9.0,v3.2.1,56
ORD01757,제주시내,한식,흐림,N,5.5,19700,3,22.0,v3.2.1,27
ORD01758,조천읍,분식,비,N,1.0,13500,2,5.0,v3.2.1,23
ORD01759,애월읍,카페디저트,비,Y,4.4,11100,2,18.0,v3.2.1,33
ORD01760,애월읍,카페디저트,비,N,5.4,12500,3,4.0,v3.2.1,26
ORD01761,제주시내,치킨,맑음,Y,1.7,30900,3,36.0,v3.2.1,21
ORD01762,애월읍,한식,흐림,N,2.5,37800,6,11.0,v3.2.1,20
ORD01763,애월읍,치킨,흐림,Y,3.6,27300,2,8.0,v3.2.1,34
ORD01764,애월읍,분식,흐림,Y,2.5,9800,2,21.0,v3.2.1,21
ORD01765,제주시내,한식,맑음,N,4.3,27500,4,13.0,v3.2.1,27
ORD01766,제주시내,치킨,맑음,Y,2.1,20300,1,32.0,v3.2.1,21
ORD01767,애월읍,치킨,맑음,Y,5.4,17000,1,16.0,v3.2.1,24
ORD01768,애월읍,중식,비,N,4.7,22300,3,25.0,v3.2.1,33
ORD01769,제주시내,분식,비,N,2.5,31800,8,16.0,v3.2.1,27
ORD01770,제주시내,치킨,맑음,Y,1.9,28700,2,1.0,v3.2.1,31
ORD01771,한림읍,카페디저트,흐림,N,2.4,9100,2,39.0,v3.2.1,8
ORD01772,조천읍,카페디저트,맑음,Y,1.3,14300,5,6.0,v3.2.1,22
ORD01773,한림읍,치킨,흐림,N,6.1,34100,2,38.0,v3.2.1,37
ORD01774,한림읍,중식,흐림,N,7.9,21000,3,55.0,v3.2.1,28
ORD01775,구좌읍,카페디저트,맑음,Y,7.3,14400,5,31.0,v3.2.1,33
ORD01776,한림읍,분식,맑음,N,1.6,18000,4,19.0,v3.2.1,8
ORD01777,제주시내,분식,맑음,Y,2.5,14100,3,14.0,v3.2.1,24
ORD01778,제주시내,분식,비,Y,6.8,15600,3,11.0,v3.2.1,39
ORD01779,조천읍,카페디저트,맑음,N,2.8,13500,3,,v3.2.1,16
ORD01780,한림읍,치킨,흐림,N,1.6,41900,4,38.0,v3.2.1,20
ORD01781,한림읍,분식,흐림,Y,4.9,15100,4,8.0,v3.2.1,27
ORD01782,제주시내,한식,흐림,Y,3.3,34700,6,1.0,v3.2.1,41
ORD01783,조천읍,카페디저트,비,N,2.4,20100,5,17.0,v3.2.1,25
ORD01784,제주시내,치킨,맑음,N,6.6,34500,3,24.0,v3.2.1,37
ORD01785,조천읍,한식,맑음,Y,7.7,25700,3,9.0,v3.2.1,34
ORD01786,애월읍,한식,흐림,Y,0.8,17100,2,57.0,v3.2.1,23
ORD01787,애월읍,카페디저트,흐림,N,3.8,12800,3,18.0,v3.2.1,18
ORD01788,제주시내,한식,흐림,N,7.3,21900,3,6.0,v3.2.1,42
ORD01789,한림읍,분식,맑음,Y,9.7,8300,1,25.0,v3.2.1,42
ORD01790,애월읍,중식,맑음,Y,6.6,33100,4,15.0,v3.2.1,44
ORD01791,제주시내,치킨,맑음,Y,5.8,34700,3,64.0,v3.2.1,39
ORD01792,제주시내,카페디저트,흐림,N,2.4,13000,3,4.0,v3.2.1,16
ORD01793,구좌읍,중식,맑음,N,4.7,33300,6,25.0,v3.2.1,24
ORD01794,애월읍,중식,비,N,3.7,30600,5,36.0,v3.2.1,35
ORD01795,애월읍,카페디저트,맑음,Y,3.5,6900,1,7.0,v3.2.1,18
ORD01796,조천읍,중식,비,N,5.2,25200,3,4.0,v3.2.1,38
ORD01797,조천읍,한식,맑음,Y,2.6,24000,3,1.0,v3.2.1,31
ORD01798,애월읍,중식,맑음,N,2.3,27100,3,4.0,v3.2.1,18
ORD01799,제주시내,중식,비,N,1.2,29500,5,5.0,v3.2.1,26
ORD01800,애월읍,한식,맑음,Y,6.5,31700,5,19.0,v3.2.1,39
ORD01801,조천읍,카페디저트,맑음,Y,2.4,12700,3,59.0,v3.2.1,23
ORD01802,구좌읍,분식,맑음,Y,6.5,13400,2,11.0,v3.2.1,35
ORD01803,한림읍,카페디저트,맑음,Y,3.7,12000,2,2.0,v3.2.1,29
ORD01804,제주시내,치킨,맑음,N,2.8,36100,4,1.0,v3.2.1,23
ORD01805,제주시내,치킨,비,N,0.7,41300,4,19.0,v3.2.1,28
ORD01806,한림읍,치킨,맑음,Y,1.6,17500,1,2.0,v3.2.1,28
ORD01807,제주시내,중식,비,Y,2.1,23600,3,39.0,v3.2.1,18
ORD01808,조천읍,중식,맑음,N,5.3,18400,2,6.0,v3.2.1,19
ORD01809,한림읍,치킨,비,N,3.2,27700,2,22.0,v3.2.1,35
ORD01810,제주시내,한식,맑음,N,6.6,38900,5,1.0,v3.2.1,42
ORD01811,애월읍,카페디저트,비,N,5.8,11400,3,15.0,v3.2.1,32
ORD01812,조천읍,치킨,맑음,Y,0.9,48800,5,7.0,v3.2.1,25
ORD01813,구좌읍,치킨,흐림,N,2.2,40100,3,16.0,v3.2.1,25
ORD01814,제주시내,한식,맑음,Y,0.9,20300,2,17.0,v3.2.1,241
ORD01815,제주시내,한식,맑음,N,6.7,12300,1,3.0,v3.2.1,38
ORD01816,구좌읍,중식,맑음,N,7.9,33600,4,14.0,v3.2.1,37
ORD01817,한림읍,치킨,,Y,6.9,27600,2,26.0,v3.2.1,46
ORD01818,한림읍,한식,맑음,N,2.4,15300,2,12.0,v3.2.1,14
ORD01819,제주시내,치킨,맑음,N,3.2,42900,4,13.0,v3.2.1,37
ORD01820,구좌읍,카페디저트,흐림,N,4.1,20300,5,4.0,v3.2.1,22
ORD01821,구좌읍,치킨,맑음,N,8.6,22500,2,16.0,v3.2.1,36
ORD01822,제주시내,치킨,흐림,Y,10.0,25300,2,4.0,v3.2.1,64
ORD01823,조천읍,한식,맑음,Y,3.0,22400,3,16.0,v3.2.1,28
ORD01824,한림읍,카페디저트,흐림,Y,4.0,11100,3,6.0,v3.2.1,27
ORD01825,제주시내,한식,맑음,Y,3.1,19100,3,2.0,v3.2.1,25
ORD01826,한림읍,치킨,맑음,N,6.2,30500,2,90.0,v3.2.1,29
ORD01827,구좌읍,분식,흐림,Y,3.1,15100,2,10.0,v3.2.1,19
ORD01828,제주시내,중식,맑음,Y,9.7,14500,1,,v3.2.1,56
ORD01829,한림읍,한식,맑음,N,1.4,20200,3,7.0,v3.2.1,24
ORD01830,한림읍,치킨,흐림,N,3.2,24500,2,,v3.2.1,26
ORD01831,구좌읍,분식,비,Y,2.7,10500,2,8.0,v3.2.1,27
ORD01832,제주시내,분식,맑음,N,3.3,11000,3,8.0,v3.2.1,11
ORD01833,제주시내,한식,흐림,N,3.9,20400,3,14.0,v3.2.1,20
ORD01834,조천읍,분식,흐림,N,3.3,14100,2,12.0,v3.2.1,17
ORD01835,조천읍,중식,흐림,Y,9.8,43700,6,13.0,v3.2.1,55
ORD01836,제주시내,카페디저트,맑음,N,3.5,12400,3,14.0,v3.2.1,20
ORD01837,한림읍,카페디저트,비,Y,4.4,20000,6,8.0,v3.2.1,29
ORD01838,한림읍,중식,맑음,N,3.1,19100,2,6.0,v3.2.1,16
ORD01839,제주시내,한식,비,N,3.5,35200,6,3.0,v3.2.1,31
ORD01840,제주시내,치킨,맑음,N,3.1,34200,3,3.0,v3.2.1,25
ORD01841,구좌읍,한식,맑음,N,6.9,11000,1,10.0,v3.2.1,25
ORD01842,제주시내,치킨,맑음,Y,6.6,19700,2,1.0,v3.2.1,46
ORD01843,조천읍,치킨,맑음,N,7.0,22000,2,1.0,v3.2.1,39
ORD01844,애월읍,분식,맑음,Y,4.0,21100,4,7.0,v3.2.1,206
ORD01845,제주시내,중식,맑음,Y,4.5,23700,4,22.0,v3.2.1,35
ORD01846,애월읍,카페디저트,비,Y,3.1,11200,3,36.0,v3.2.1,25
ORD01847,구좌읍,한식,흐림,N,8.7,15300,2,1.0,v3.2.1,41
ORD01848,애월읍,한식,맑음,N,2.4,22700,5,28.0,v3.2.1,15
ORD01849,애월읍,치킨,맑음,N,2.9,59100,5,50.0,v3.2.1,21
ORD01850,애월읍,치킨,맑음,Y,3.7,21900,1,11.0,v3.2.1,39
ORD01851,애월읍,분식,흐림,N,7.1,18600,4,30.0,v3.2.1,33
ORD01852,애월읍,한식,비,Y,5.5,13900,1,8.0,v3.2.1,42
ORD01853,조천읍,중식,,N,4.3,25200,3,5.0,v3.2.1,22
ORD01854,제주시내,중식,맑음,N,1.3,26600,4,6.0,v3.2.1,23
ORD01855,조천읍,분식,맑음,Y,4.1,8400,1,7.0,v3.2.1,27
ORD01856,제주시내,중식,맑음,Y,7.6,28900,4,8.0,v3.2.1,43
ORD01857,애월읍,카페디저트,맑음,N,3.9,10000,2,27.0,v3.2.1,13
ORD01858,제주시내,한식,흐림,N,5.5,32600,5,17.0,v3.2.1,32
ORD01859,애월읍,한식,비,N,4.1,18200,3,18.0,v3.2.1,29
ORD01860,제주시내,한식,흐림,N,4.2,24000,4,25.0,v3.2.1,27
ORD01861,구좌읍,한식,맑음,N,7.0,18800,2,9.0,v3.2.1,26
ORD01862,조천읍,치킨,,N,7.7,31900,4,33.0,v3.2.1,43
ORD01863,한림읍,중식,맑음,N,0.7,21100,3,3.0,v3.2.1,12
ORD01864,구좌읍,치킨,흐림,Y,5.8,49200,4,9.0,v3.2.1,44
ORD01865,한림읍,치킨,비,N,2.6,41400,4,24.0,v3.2.1,34
ORD01866,제주시내,카페디저트,,Y,6.3,14100,3,15.0,v3.2.1,33
ORD01867,애월읍,한식,맑음,N,1.9,47600,7,17.0,v3.2.1,23
ORD01868,조천읍,한식,맑음,Y,2.2,24600,4,3.0,v3.2.1,27
ORD01869,조천읍,분식,맑음,N,4.2,23200,6,28.0,v3.2.1,27
ORD01870,제주시내,카페디저트,흐림,N,1.5,8100,1,14.0,v3.2.1,15
ORD01871,조천읍,한식,맑음,N,5.2,22700,4,40.0,v3.2.1,20
ORD01872,애월읍,분식,비,Y,5.7,14500,3,16.0,v3.2.1,48
ORD01873,제주시내,치킨,흐림,N,2.7,24200,1,2.0,v3.2.1,26
ORD01874,애월읍,치킨,비,N,2.1,34900,2,4.0,v3.2.1,34
ORD01875,제주시내,중식,맑음,Y,7.3,13200,1,19.0,v3.2.1,41
ORD01876,애월읍,치킨,흐림,Y,7.2,38100,3,5.0,v3.2.1,46
ORD01877,제주시내,중식,맑음,N,3.3,20500,2,1.0,v3.2.1,36
ORD01878,조천읍,카페디저트,흐림,Y,2.7,8400,1,1.0,v3.2.1,20
ORD01879,한림읍,분식,흐림,N,2.9,13900,3,4.0,v3.2.1,22
ORD01880,조천읍,한식,흐림,N,2.0,13100,1,4.0,v3.2.1,13
ORD01881,제주시내,한식,맑음,N,0.8,24800,4,10.0,v3.2.1,18
ORD01882,제주시내,한식,흐림,N,3.8,33500,5,13.0,v3.2.1,23
ORD01883,제주시내,한식,맑음,Y,2.2,23500,3,12.0,v3.2.1,18
ORD01884,조천읍,치킨,흐림,N,2.8,45600,4,6.0,v3.2.1,19
ORD01885,애월읍,중식,맑음,Y,7.7,34400,5,54.0,v3.2.1,50
ORD01886,한림읍,카페디저트,맑음,N,3.3,11400,4,42.0,v3.2.1,8
ORD01887,제주시내,치킨,맑음,N,3.3,37600,4,2.0,v3.2.1,29
ORD01888,구좌읍,치킨,맑음,N,4.4,38500,4,20.0,v3.2.1,31
ORD01889,애월읍,한식,맑음,N,3.4,30800,4,5.0,v3.2.1,27
ORD01890,조천읍,카페디저트,맑음,N,5.3,15200,4,7.0,v3.2.1,21
ORD01891,한림읍,중식,흐림,Y,3.7,27900,4,2.0,v3.2.1,34
ORD01892,조천읍,치킨,맑음,N,1.7,36700,3,15.0,v3.2.1,34
ORD01893,애월읍,한식,맑음,N,3.0,36600,7,7.0,v3.2.1,23
ORD01894,제주시내,한식,비,N,1.4,10000,1,1.0,v3.2.1,23
ORD01895,애월읍,한식,맑음,N,1.8,14600,2,40.0,v3.2.1,12
ORD01896,애월읍,한식,흐림,N,1.8,15600,2,1.0,v3.2.1,15
ORD01897,한림읍,중식,맑음,N,4.2,34900,5,30.0,v3.2.1,30
ORD01898,제주시내,분식,흐림,N,5.7,33300,10,6.0,v3.2.1,28
ORD01899,한림읍,한식,맑음,Y,4.1,49000,10,14.0,v3.2.1,33
ORD01900,조천읍,중식,맑음,Y,5.5,39900,5,9.0,v3.2.1,42
ORD01901,구좌읍,한식,흐림,N,6.5,27600,4,12.0,v3.2.1,29
ORD01902,제주시내,중식,흐림,N,7.3,49000,6,9.0,v3.2.1,35
ORD01903,애월읍,카페디저트,흐림,N,2.2,13500,4,4.0,v3.2.1,10
ORD01904,제주시내,한식,흐림,N,4.4,17500,2,1.0,v3.2.1,34
ORD01905,구좌읍,한식,맑음,Y,2.1,24500,4,33.0,v3.2.1,18
ORD01906,조천읍,치킨,흐림,Y,1.1,28200,2,19.0,v3.2.1,16
ORD01907,애월읍,치킨,맑음,Y,4.7,44200,3,3.0,v3.2.1,33
ORD01908,제주시내,카페디저트,비,N,4.1,6700,1,7.0,v3.2.1,21
ORD01909,제주시내,치킨,비,Y,4.5,26400,2,19.0,v3.2.1,37
ORD01910,애월읍,한식,맑음,Y,7.6,26000,3,7.0,v3.2.1,41
ORD01911,제주시내,중식,흐림,N,7.1,31200,5,11.0,v3.2.1,40
ORD01912,조천읍,분식,맑음,N,3.0,12300,2,2.0,v3.2.1,19
ORD01913,한림읍,치킨,비,N,3.0,45600,4,6.0,v3.2.1,31
ORD01914,애월읍,치킨,맑음,Y,1.6,32400,3,17.0,v3.2.1,29
ORD01915,애월읍,카페디저트,비,Y,6.1,17100,4,13.0,v3.2.1,41
ORD01916,구좌읍,치킨,맑음,Y,2.9,31900,2,52.0,v3.2.1,22
ORD01917,조천읍,카페디저트,맑음,N,5.5,10200,2,27.0,v3.2.1,20
ORD01918,제주시내,카페디저트,맑음,Y,2.2,19000,5,22.0,v3.2.1,18
ORD01919,제주시내,중식,흐림,Y,4.8,21000,2,18.0,v3.2.1,37
ORD01920,제주시내,카페디저트,흐림,Y,5.3,13400,3,13.0,v3.2.1,30
ORD01921,제주시내,치킨,맑음,N,2.6,30100,2,34.0,v3.2.1,23
ORD01922,제주시내,치킨,비,N,6.9,19500,2,8.0,v3.2.1,48
ORD01923,제주시내,치킨,맑음,Y,4.4,29600,3,19.0,v3.2.1,42
ORD01924,제주시내,치킨,,N,1.1,31600,2,18.0,v3.2.1,15
ORD01925,제주시내,한식,흐림,N,3.7,18400,3,7.0,v3.2.1,21
ORD01926,구좌읍,치킨,맑음,N,5.5,49500,5,5.0,v3.2.1,31
ORD01927,조천읍,한식,비,Y,3.7,26200,4,6.0,v3.2.1,37
ORD01928,조천읍,중식,흐림,N,4.1,40200,5,14.0,v3.2.1,21
ORD01929,조천읍,한식,흐림,Y,9.2,22200,3,44.0,v3.2.1,44
ORD01930,조천읍,카페디저트,흐림,N,3.1,13800,4,1.0,v3.2.1,25
ORD01931,조천읍,중식,맑음,N,4.8,25900,3,5.0,v3.2.1,23
ORD01932,구좌읍,치킨,비,N,4.0,33600,3,10.0,v3.2.1,34
ORD01933,애월읍,카페디저트,흐림,N,2.3,10800,3,1.0,v3.2.1,11
ORD01934,제주시내,치킨,맑음,Y,1.6,54700,6,1.0,v3.2.1,32
ORD01935,제주시내,중식,비,N,3.1,22600,2,1.0,v3.2.1,34
ORD01936,제주시내,카페디저트,맑음,Y,3.6,16700,4,1.0,v3.2.1,33
ORD01937,조천읍,한식,비,N,2.3,35700,5,15.0,v3.2.1,35
ORD01938,조천읍,한식,흐림,Y,2.8,21500,3,4.0,v3.2.1,26
ORD01939,한림읍,한식,흐림,N,2.2,37100,7,20.0,v3.2.1,22
ORD01940,한림읍,분식,맑음,N,3.4,30500,6,14.0,v3.2.1,27
ORD01941,제주시내,분식,비,N,2.3,23600,7,30.0,v3.2.1,28
ORD01942,제주시내,치킨,흐림,N,3.1,25900,2,12.0,v3.2.1,25
ORD01943,한림읍,카페디저트,맑음,N,9.3,21700,6,2.0,v3.2.1,41
ORD01944,제주시내,카페디저트,맑음,Y,5.3,19300,4,6.0,v3.2.1,30
ORD01945,조천읍,중식,맑음,Y,9.7,34500,6,5.0,v3.2.1,55
ORD01946,구좌읍,분식,흐림,N,3.4,22000,5,6.0,v3.2.1,24
ORD01947,애월읍,분식,맑음,N,1.8,13100,3,13.0,v3.2.1,13
ORD01948,제주시내,치킨,맑음,N,0.7,44200,3,8.0,v3.2.1,10
ORD01949,조천읍,분식,맑음,N,2.8,8600,1,3.0,v3.2.1,15
ORD01950,한림읍,분식,,N,6.7,14700,3,4.0,v3.2.1,30
ORD01951,한림읍,분식,,Y,2.5,8600,2,12.0,v3.2.1,16
ORD01952,한림읍,치킨,흐림,N,5.3,80300,8,,v3.2.1,38
ORD01953,제주시내,카페디저트,흐림,Y,2.2,10800,3,26.0,v3.2.1,14
ORD01954,구좌읍,중식,맑음,Y,13.1,30300,4,12.0,v3.2.1,58
ORD01955,애월읍,한식,맑음,Y,3.1,31500,4,3.0,v3.2.1,24
ORD01956,제주시내,치킨,맑음,N,5.4,56500,6,22.0,v3.2.1,32
ORD01957,한림읍,분식,맑음,N,2.3,29100,6,61.0,v3.2.1,16
ORD01958,구좌읍,카페디저트,흐림,N,5.7,16500,3,8.0,v3.2.1,31
ORD01959,구좌읍,치킨,흐림,N,4.7,68500,7,4.0,v3.2.1,34
ORD01960,조천읍,중식,흐림,Y,2.3,28000,4,6.0,v3.2.1,34
ORD01961,구좌읍,분식,맑음,Y,3.7,23900,5,1.0,v3.2.1,32
ORD01962,애월읍,치킨,,Y,2.1,39100,3,11.0,v3.2.1,28
ORD01963,한림읍,중식,맑음,N,7.3,19400,2,8.0,v3.2.1,35
ORD01964,구좌읍,중식,맑음,N,1.9,20100,2,3.0,v3.2.1,29
ORD01965,한림읍,분식,맑음,Y,1.4,16800,3,1.0,v3.2.1,26
ORD01966,제주시내,중식,흐림,N,6.8,18400,2,8.0,v3.2.1,30
ORD01967,제주시내,분식,비,N,6.7,23100,5,19.0,v3.2.1,39
ORD01968,한림읍,한식,맑음,Y,3.2,15900,2,2.0,v3.2.1,33
ORD01969,제주시내,치킨,비,N,2.5,39900,4,27.0,v3.2.1,26
ORD01970,애월읍,카페디저트,맑음,Y,4.0,19300,4,9.0,v3.2.1,27
ORD01971,애월읍,카페디저트,맑음,Y,0.9,10100,2,1.0,v3.2.1,23
ORD01972,구좌읍,치킨,맑음,N,5.9,39600,4,6.0,v3.2.1,42
ORD01973,제주시내,한식,흐림,Y,2.2,19700,2,10.0,v3.2.1,24
ORD01974,제주시내,치킨,맑음,N,10.2,53000,4,11.0,v3.2.1,47
ORD01975,제주시내,분식,흐림,N,4.4,18900,5,18.0,v3.2.1,27
ORD01976,조천읍,분식,흐림,N,2.4,10800,2,9.0,v3.2.1,18
ORD01977,제주시내,카페디저트,비,N,5.4,7800,1,1.0,v3.2.1,33
ORD01978,제주시내,중식,맑음,Y,6.2,19600,3,14.0,v3.2.1,43
ORD01979,제주시내,중식,비,N,8.5,33800,4,5.0,v3.2.1,47
ORD01980,애월읍,중식,맑음,Y,1.3,31700,5,1.0,v3.2.1,25
ORD01981,구좌읍,분식,맑음,Y,1.0,16500,4,9.0,v3.2.1,10
ORD01982,구좌읍,분식,맑음,Y,2.8,34200,7,30.0,v3.2.1,16
ORD01983,제주시내,분식,비,N,3.5,12000,2,9.0,v3.2.1,26
ORD01984,조천읍,카페디저트,맑음,Y,4.2,19400,6,15.0,v3.2.1,30
ORD01985,조천읍,치킨,비,Y,6.9,22900,1,7.0,v3.2.1,46
ORD01986,애월읍,한식,맑음,Y,3.7,11600,1,14.0,v3.2.1,32
ORD01987,한림읍,중식,맑음,Y,2.4,30600,4,7.0,v3.2.1,30
ORD01988,조천읍,카페디저트,맑음,N,6.9,19200,4,7.0,v3.2.1,24
ORD01989,제주시내,치킨,맑음,N,3.3,38100,2,38.0,v3.2.1,18
ORD01990,제주시내,치킨,맑음,N,0.8,26900,2,18.0,v3.2.1,23
ORD01991,조천읍,중식,맑음,Y,6.6,34000,5,3.0,v3.2.1,45
ORD01992,애월읍,분식,맑음,N,1.7,28100,7,10.0,v3.2.1,17
ORD01993,애월읍,중식,맑음,N,1.8,34300,5,5.0,v3.2.1,19
ORD01994,애월읍,중식,,N,7.9,22600,2,9.0,v3.2.1,32
ORD01995,애월읍,치킨,맑음,Y,2.0,45100,4,50.0,v3.2.1,32
ORD01996,애월읍,한식,맑음,Y,0.9,21400,3,8.0,v3.2.1,12
ORD01997,구좌읍,분식,맑음,Y,4.4,13600,3,74.0,v3.2.1,24
ORD01998,애월읍,카페디저트,맑음,N,8.1,14500,4,8.0,v3.2.1,31
ORD01999,애월읍,중식,맑음,Y,2.8,34800,6,33.0,v3.2.1,24
ORD02000,구좌읍,한식,맑음,Y,5.3,26600,5,9.0,v3.2.1,43
